S.N.,Commodity/Districts,Taplejung,,,Sankhuwasabha,,,Solukhumbu,,,Panchthar,,,Ilam,,,Terhathum,,,Dhankuta,,,Bhojpur,,,Khotang,,,Okhaldhunga,,,Udayapur,,,Jhapa,,,Morang,,,Sunsari,,,Province 1,,,Saptari,,,Siraha,,,Dhanusha,,,Mohattari,,,Sarlahi,,,Rautahat,,,Bara,,,Parsa,,,Province 2,,,Dolakha,,,Sindhupalchok,,,Rasuwa,,,Ramechhap,,,Sindhuli,,,Kavrepalanchowk,,,Bhaktapur,,,Lalitpur,,,Kathmandu,,,Nuwakot,,,Dhading,,,Makawanpur,,,Chitwan,,,Province 3,,,Manang,,,Mustang,,,Gorkha,,,Lamjung,,,Tanahun,,,Kaski,,,Parbat,,,Syangja,,,Myagdi,,,Baglung,,,Nawalpur,,,Province Gandaki,,,Arghakhanchi,,,Dang,,,Banke,,,Bardiya,,,Rukum,,,Gulmi,,,Kapilbastu,,,Parasi,,,Palpa,,,Pyuthan,,,Rolpa,,,Rupandehi,,,Province 5,,,Dolpa,,,Mugu,,,Humla,,,Jumla,,,Kalikot,,,Salyan,,,Rukum,,,Jajarkot,,,Dailekh,,,Surkhet,,,Province Karnali,,,Bajura,,,Bajhang,,,Darchula,,,Achham,,,Doti,,,Baitadi,,,Dadeldhura,,,Kailali,,,Kanchanpur,,,Province Sudurpachim,,,NEPAL,,
,,Area,Production,Yield,Area,Production,Yield,Area,Production,Yield,Area,Production,Yield,Area,Production,Yield,Area,Production,Yield,Area,Production,Yield,Area,Production,Yield,Area,Production,Yield,Area,Production,Yield,Area,Production,Yield,Area,Production,Yield,Area,Production,Yield,Area,Production,Yield,Area,Production,Yield,Area,Production,Yield,Area,Production,Yield,Area,Production,Yield,Area,Production,Yield,Area,Production,Yield,Area,Production,Yield,Area,Production,Yield,Area,Production,Yield,Area,Production,Yield,Area,Production,Yield,Area,Production,Yield,Area,Production,Yield,Area,Production,Yield,Area,Production,Yield,Area,Production,Yield,Area,Production,Yield,Area,Production,Yield,Area,Production,Yield,Area,Production,Yield,Area,Production,Yield,Area,Production,Yield,Area,Production,Yield,Area,Production,Yield,Area,Production,Yield,Area,Production,Yield,Area,Production,Yield,Area,Production,Yield,Area,Production,Yield,Area,Production,Yield,Area,Production,Yield,Area,Production,Yield,Area,Production,Yield,Area,Production,Yield,Area,Production,Yield,Area,Production,Yield,Area,Production,Yield,Area,Production,Yield,Area,Production,Yield,Area,Production,Yield,Area,Production,Yield,Area,Production,Yield,Area,Production,Yield,Area,Production,Yield,Area,Production,Yield,Area,Production,Yield,Area,Production,Yield,Area,Production,Yield,Area,Production,Yield,Area,Production,Yield,Area,Production,Yield,Area,Production,Yield,Area,Production,Yield,Area,Production,Yield,Area,Production,Yield,Area,Production,Yield,Area,Production,Yield,Area,Production,Yield,Area,Production,Yield,Area,Production,Yield,Area,Production,Yield,Area,Production,Yield,Area,Production,Yield,Area,Production,Yield,Area,Production,Yield,Area,Production,Yield,Area,Production,Yield,Area,Production,Yield,Area,Production,Yield,Area,Production,Yield,Area,Production,Yield
1,Cauliflower,  76 ,  998 ,  13 ,  197 ,"  1,782 ",  9 ,  50 ,  758 ,  15 ,  254 ,"  3,069 ",  12 ,  398 ,"  6,712 ",  17 ,  183 ,"  2,833 ",  15 ,  591 ,"  11,509 ",  19 ,  50 ,  455 ,  9 ,"  1,156 ","  19,746 ",  17 ,  216 ,"  2,932 ",  14 ,  171 ,"  2,078 ",  12 ,"  2,082 ","  38,715 ",  19 ,  854 ,"  12,878 ",  15 ,  905 ,"  11,363 ",  13 ,"  7,184 ","  115,825 ",  16 ,"  2,372 ","  35,754 ",  15 ,"  1,156 ","  17,423 ",  15 ,  966 ,"  10,262 ",  11 ,"  1,584 ","  19,465 ",  12 ,"  2,593 ","  44,038 ",  17 ,  930 ,"  9,151 ",  10 ,"  2,397 ","  52,995 ",  22 ,  563 ,"  1,414 ",  3 ,"  12,560 ","  190,500 ",  15 ,  322 ,"  3,434 ",  11 ,  790 ,"  11,908 ",  15 ,  60 ,  633 ,  11 ,  93 ,"  1,104 ",  12 ,  263 ,"  2,646 ",  10 ,"  1,236 ","  19,256 ",  16 ,  239 ,"  4,908 ",  21 ,  623 ,"  7,141 ",  11 ,  352 ,"  5,656 ",  16 ,  400 ,"  5,241 ",  13 ,  501 ,"  7,207 ",  14 ,  571 ,"  11,531 ",  20 ,  433 ,"  5,224 ",  12 ,"  5,883 ","  85,888 ",  15 ,  30 ,  377 ,  12 ,  28 ,  363 ,  13 ,  251 ,"  2,702 ",  11 ,  219 ,"  2,323 ",  11 ,  389 ,"  4,046 ",  10 ,  253 ,"  3,300 ",  13 ,  106 ,"  1,322 ",  13 ,  201 ,"  3,030 ",  15 ,  86 ,  944 ,  11 ,  155 ,"  4,031 ",  26 ,  427 ,"  5,151 ",  12 ,"  2,145 ","  27,587 ",  13 ,  193 ,"  2,861 ",  15 ,  382 ,"  5,757 ",  15 ,"  1,106 ","  13,332 ",  12 ,  603 ,"  10,807 ",  18 ,  117 ,"  1,533 ",  13 ,  127 ,"  1,463 ",  12 ,  226 ,"  4,984 ",  22 ,  427 ,"  5,151 ",  12 ,  441 ,"  8,228 ",  19 ,  166 ,"  2,000 ",  12 ,  161 ,"  1,459 ",  9 ,  961 ,"  23,186 ",  24 ,"  4,909 ","  80,762 ",  16 ,  30 ,  364 ,  12 ,  2 ,  11 ,  8 ,  16 ,  162 ,  10 ,  78 ,  473 ,  6 ,  12 ,  277 ,  23 ,  156 ,"  1,698 ",  11 ,  117 ,"  1,533 ",  13 ,  133 ,"  1,267 ",  10 ,  326 ,"  3,777 ",  12 ,  161 ,"  2,747 ",  17 ,"  1,030 ","  12,308 ",  12 ,  50 ,  530 ,  11 ,  65 ,  788 ,  12 ,  108 ,"  1,242 ",  12 ,  40 ,  315 ,  8 ,  71 ,  854 ,  12 ,  108 ,"  1,838 ",  17 ,  236 ,"  3,086 ",  13 ,  618 ,"  9,317 ",  15 ,  377 ,"  4,166 ",  11 ,"  1,673 ","  22,137 ",  13 ,"  35,383 ","  535,008 ",  15 
2,Cabbage,  72 ,"  1,018 ",  14 ,  171 ,"  1,889 ",  11 ,  60 ,"  1,212 ",  20 ,  188 ,"  2,249 ",  12 ,  731 ,"  12,128 ",  17 ,  568 ,"  10,842 ",  19 ,"  1,489 ","  39,247 ",  26 ,  40 ,  505 ,  13 ,"  1,005 ","  20,200 ",  20 ,  141 ,"  2,121 ",  15 ,  146 ,"  1,816 ",  12 ,"  1,522 ","  30,735 ",  20 ,  729 ,"  10,984 ",  15 ,  804 ,"  11,312 ",  14 ,"  7,665 ","  146,258 ",  19 ,"  2,020 ","  32,482 ",  16 ,  955 ,"  14,488 ",  15 ,  536 ,"  6,579 ",  12 ,  861 ,"  11,599 ",  13 ,"  1,608 ","  28,118 ",  17 ,  412 ,"  4,058 ",  10 ,  359 ,"  12,259 ",  34 ,  85 ,"  2,232 ",  26 ,"  6,837 ","  111,816 ",  16 ,  689 ,"  11,257 ",  16 ,  425 ,"  6,408 ",  15 ,  55 ,  707 ,  13 ,  81 ,  941 ,  12 ,  211 ,"  1,485 ",  7 ,  678 ,"  11,590 ",  17 ,  222 ,"  5,291 ",  24 ,  724 ,"  8,141 ",  11 ,  179 ,"  4,278 ",  24 ,  420 ,"  5,515 ",  13 ,  568 ,"  8,360 ",  15 ,  549 ,"  11,535 ",  21 ,  337 ,"  4,737 ",  14 ,"  5,138 ","  80,246 ",  16 ,  46 ,  710 ,  16 ,  37 ,  769 ,  21 ,  250 ,"  2,936 ",  12 ,  201 ,"  2,677 ",  13 ,  405 ,"  4,315 ",  11 ,  202 ,"  3,443 ",  17 ,  115 ,"  1,727 ",  15 ,  261 ,"  4,707 ",  18 ,  107 ,"  1,303 ",  12 ,  141 ,"  3,451 ",  24 ,  367 ,"  4,424 ",  12 ,"  2,130 ","  30,459 ",  14 ,  258 ,"  3,873 ",  15 ,  452 ,"  8,181 ",  18 ,"  1,055 ","  14,847 ",  14 ,  553 ,"  10,637 ",  19 ,  91 ,"  1,269 ",  14 ,  116 ,"  1,522 ",  13 ,  251 ,"  5,616 ",  22 ,  367 ,"  4,424 ",  12 ,  354 ,"  7,237 ",  20 ,  136 ,"  1,841 ",  14 ,  173 ,"  1,536 ",  9 ,  770 ,"  19,705 ",  26 ,"  4,575 ","  80,687 ",  18 ,  20 ,  222 ,  11 ,  18 ,  145 ,  8 ,  15 ,  167 ,  11 ,  106 ,  690 ,  7 ,  16 ,  566 ,  35 ,  166 ,"  2,500 ",  15 ,  91 ,"  1,269 ",  14 ,  88 ,  800 ,  9 ,  270 ,"  3,111 ",  12 ,  141 ,"  2,293 ",  16 ,  931 ,"  11,761 ",  13 ,  65 ,  722 ,  11 ,  35 ,  495 ,  14 ,  116 ,"  1,742 ",  15 ,  49 ,  425 ,  9 ,  98 ,"  1,336 ",  14 ,  93 ,"  1,505 ",  16 ,  269 ,"  4,331 ",  16 ,  653 ,"  9,848 ",  15 ,  412 ,"  4,151 ",  10 ,"  1,792 ","  24,555 ",  14 ,"  29,069 ","  485,782 ",  17 
3,Broccoli,  3 ,  30 ,  10 ,  12 ,  61 ,  5 ,  5 ,  35 ,  7 ,  26 ,  308 ,  12 ,  39 ,  326 ,  8 ,  8 ,  81 ,  10 ,  20 ,  136 ,  7 ,  3 ,  5 ,  2 ,  151 ,  909 ,  6 ,  2 ,  10 ,  5 ,  7 ,  54 ,  8 ,  16 ,  103 ,  6 ,  201 ,"  3,030 ",  15 ,  30 ,  182 ,  6 ,  524 ,"  5,270 ",  10 ,  5 ,  40 ,  8 ,  80 ,"  1,058 ",  13 ,  7 ,  31 ,  4 ,  -   ,  -   ,,  20 ,  202 ,  10 ,  7 ,  69 ,  10 ,  25 ,  303 ,  12 ,  -   ,  -   ,,  145 ,"  1,704 ",  12 ,  9 ,  107 ,  12 ,  8 ,  85 ,  11 ,  -   ,  -   ,,  3 ,  30 ,  9 ,  60 ,  303 ,  5 ,  352 ,"  2,273 ",  6 ,  51 ,  514 ,  10 ,  10 ,  121 ,  12 ,  25 ,  328 ,  13 ,  5 ,  59 ,  13 ,  31 ,  236 ,  8 ,  20 ,  365 ,  18 ,  221 ,"  3,000 ",  14 ,  796 ,"  7,420 ",  9 ,  4 ,  29 ,  8 ,  -   ,  -   ,,  16 ,  178 ,  11 ,  50 ,  556 ,  11 ,  -   ,  -   ,,  32 ,  382 ,  12 ,  21 ,  163 ,  8 ,  13 ,  119 ,  9 ,  17 ,  158 ,  9 ,  19 ,  302 ,  15 ,  16 ,  187 ,  12 ,  189 ,"  2,073 ",  11 ,  16 ,  162 ,  10 ,  50 ,  758 ,  15 ,  40 ,  404 ,  10 ,  10 ,  172 ,  17 ,  1 ,  4 ,  9 ,  2 ,  13 ,  6 ,  11 ,  45 ,  4 ,  16 ,  187 ,  12 ,  5 ,  51 ,  10 ,  2 ,  15 ,  10 ,  12 ,  152 ,  13 ,  25 ,  177 ,  7 ,  190 ,"  2,138 ",  11 ,  4 ,  32 ,  8 ,  1 ,  1 ,  1 ,  1 ,  6 ,  6 ,  -   ,  -   ,,  1 ,  15 ,  15 ,  23 ,  209 ,  9 ,  1 ,  4 ,  9 ,  12 ,  61 ,  5 ,  -   ,  -   ,,  13 ,  167 ,  13 ,  56 ,  495 ,  9 ,  1 ,  8 ,  8 ,  1 ,  5 ,  5 ,  1 ,  9 ,  9 ,  1 ,  2 ,  2 ,  1 ,  5 ,  5 ,  3 ,  21 ,  7 ,  5 ,  56 ,  11 ,  52 ,  788 ,  15 ,  5 ,  45 ,  9 ,  70 ,  939 ,  13 ,"  1,969 ","  20,040 ",  10 
4,Tomato,  25 ,  505 ,  20 ,  111 ,"  1,000 ",  9 ,  25 ,  379 ,  15 ,  394 ,"  5,158 ",  13 ,  143 ,"  1,722 ",  12 ,  80 ,"  1,374 ",  17 ,"  1,465 ","  52,498 ",  36 ,  70 ,  606 ,  9 ,  618 ,"  6,212 ",  10 ,  146 ,"  1,406 ",  10 ,  96 ,"  1,071 ",  11 ,  513 ,"  11,435 ",  22 ,  829 ,"  29,164 ",  35 ,  452 ,"  5,227 ",  12 ,"  4,968 ","  117,756 ",  24 ,  658 ,"  11,161 ",  17 ,  121 ,"  1,830 ",  15 ,  379 ,"  4,957 ",  13 ,  427 ,"  4,829 ",  11 ,  980 ,"  13,393 ",  14 ,  578 ,"  5,691 ",  10 ,  357 ,"  16,135 ",  45 ,  27 ,  654 ,  24 ,"  3,527 ","  58,649 ",  17 ,  14 ,  230 ,  16 ,  688 ,"  9,686 ",  14 ,  60 ,  596 ,  10 ,  22 ,  307 ,  14 ,  181 ,"  1,454 ",  8 ,"  2,623 ","  47,533 ",  18 ,  176 ,"  4,569 ",  26 ,  181 ,"  4,666 ",  26 ,  211 ,"  20,453 ",  97 ,  113 ,"  1,483 ",  13 ,  775 ,"  13,900 ",  18 ,  130 ,"  2,965 ",  23 ,  632 ,"  9,212 ",  15 ,"  5,806 ","  117,054 ",  20 ,  4 ,  30 ,  9 ,  28 ,  494 ,  18 ,  127 ,"  1,832 ",  14 ,  171 ,"  2,447 ",  14 ,  138 ,"  1,591 ",  12 ,  397 ,"  6,184 ",  16 ,  25 ,  317 ,  13 ,  312 ,"  5,050 ",  16 ,  60 ,  823 ,  14 ,  155 ,"  4,110 ",  27 ,  122 ,"  1,841 ",  15 ,"  1,538 ","  24,720 ",  16 ,  53 ,  642 ,  12 ,"  1,005 ","  15,150 ",  15 ,  719 ,"  11,193 ",  16 ,  30 ,  606 ,  20 ,  57 ,  682 ,  12 ,  226 ,"  2,979 ",  13 ,  281 ,"  5,181 ",  18 ,  122 ,"  1,841 ",  15 ,  156 ,"  3,175 ",  20 ,  85 ,  859 ,  10 ,  334 ,"  3,262 ",  10 ,  467 ,"  12,211 ",  26 ,"  3,536 ","  57,781 ",  16 ,  30 ,  294 ,  10 ,  35 ,  293 ,  8 ,  15 ,  152 ,  10 ,  52 ,  315 ,  6 ,  28 ,  339 ,  12 ,  266 ,"  2,818 ",  11 ,  57 ,  682 ,  12 ,  36 ,  291 ,  8 ,  279 ,"  2,934 ",  11 ,  201 ,"  3,727 ",  19 ,"  1,000 ","  11,844 ",  12 ,  90 ,"  1,114 ",  12 ,  75 ,  945 ,  13 ,  55 ,  805 ,  15 ,  39 ,  331 ,  8 ,  126 ,"  1,704 ",  14 ,  83 ,"  1,490 ",  18 ,  171 ,"  2,747 ",  16 ,  452 ,"  7,575 ",  17 ,  515 ,"  6,205 ",  12 ,"  1,607 ","  22,917 ",  14 ,"  21,981 ","  410,721 ",  19 
5,Radish,  186 ,"  1,970 ",  11 ,  182 ,"  2,742 ",  15 ,  30 ,  455 ,  15 ,  186 ,"  2,163 ",  12 ,  181 ,"  3,732 ",  21 ,  141 ,"  2,404 ",  17 ,  574 ,"  10,006 ",  17 ,  235 ,"  1,648 ",  7 ,"  1,508 ","  19,695 ",  13 ,  161 ,"  2,295 ",  14 ,  171 ,"  3,916 ",  23 ,  482 ,"  10,714 ",  22 ,  523 ,"  7,878 ",  15 ,  402 ,  606 ,  2 ,"  4,961 ","  70,224 ",  14 ,  503 ,"  6,565 ",  13 ,  291 ,"  4,131 ",  14 ,  463 ,"  4,655 ",  10 ,  90 ,"  1,045 ",  12 ,  955 ,"  13,433 ",  14 ,  213 ,"  2,098 ",  10 ,  377 ,"  8,711 ",  23 ,  186 ,"  4,671 ",  25 ,"  3,078 ","  45,310 ",  15 ,  137 ,"  2,060 ",  15 ,  272 ,"  3,011 ",  11 ,  60 ,  642 ,  11 ,  93 ,"  1,190 ",  13 ,  66 ,  533 ,  8 ,  553 ,"  3,838 ",  7 ,  189 ,"  5,275 ",  28 ,  256 ,"  6,161 ",  24 ,  70 ,"  1,994 ",  28 ,  452 ,"  6,828 ",  15 ,  281 ,"  4,030 ",  14 ,  331 ,"  7,725 ",  23 ,  196 ,"  2,241 ",  11 ,"  2,957 ","  45,529 ",  15 ,  19 ,  314 ,  16 ,  5 ,  58 ,  11 ,  143 ,"  1,964 ",  14 ,  201 ,"  3,434 ",  17 ,  420 ,"  4,897 ",  12 ,  272 ,"  4,371 ",  16 ,  78 ,"  1,279 ",  16 ,  339 ,"  4,545 ",  13 ,  140 ,"  1,606 ",  11 ,  152 ,"  2,455 ",  16 ,  440 ,"  5,744 ",  13 ,"  2,208 ","  30,669 ",  14 ,  146 ,"  1,757 ",  12 ,  171 ,"  2,576 ",  15 ,  515 ,"  8,791 ",  17 ,  352 ,"  6,363 ",  18 ,  138 ,"  2,137 ",  15 ,  59 ,  503 ,  8 ,  312 ,"  4,565 ",  15 ,  440 ,"  5,744 ",  13 ,  242 ,"  3,414 ",  14 ,  163 ,"  2,454 ",  15 ,  95 ,  952 ,  10 ,  241 ,"  8,932 ",  37 ,"  2,873 ","  48,190 ",  17 ,  35 ,  420 ,  12 ,  29 ,  806 ,  28 ,  20 ,  307 ,  15 ,  26 ,  184 ,  7 ,  20 ,  283 ,  14 ,  136 ,"  1,636 ",  12 ,  138 ,"  2,137 ",  15 ,  14 ,  190 ,  13 ,  220 ,"  2,506 ",  11 ,  95 ,"  1,439 ",  15 ,  734 ,"  9,908 ",  14 ,  65 ,  657 ,  10 ,  101 ,"  1,212 ",  12 ,  113 ,"  1,244 ",  11 ,  50 ,  762 ,  15 ,  132 ,"  1,574 ",  12 ,  115 ,"  2,303 ",  20 ,  117 ,"  2,109 ",  18 ,  503 ,"  7,575 ",  15 ,  251 ,"  3,788 ",  15 ,"  1,445 ","  21,223 ",  15 ,"  18,256 ","  271,053 ",  15 
6,Broad Mustard Leaf,  96 ,"  1,164 ",  12 ,  119 ,"  1,430 ",  12 ,  10 ,  91 ,  9 ,  149 ,"  1,678 ",  11 ,  530 ,"  8,116 ",  15 ,  111 ,"  1,667 ",  15 ,  319 ,"  3,730 ",  12 ,  291 ,  303 ,  1 ,"  1,307 ","  13,130 ",  10 ,  122 ,"  1,222 ",  10 ,  90 ,"  1,703 ",  19 ,  219 ,"  2,885 ",  13 ,  176 ,  884 ,  5 ,  211 ,"  1,431 ",  7 ,"  3,749 ","  39,434 ",  11 ,  201 ,"  2,828 ",  14 ,  95 ,"  1,448 ",  15 ,  75 ,"  1,046 ",  14 ,  251 ,"  3,661 ",  15 ,  156 ,"  2,192 ",  14 ,  124 ,"  1,217 ",  10 ,  157 ,"  3,466 ",  22 ,  55 ,"  1,111 ",  20 ,"  1,114 ","  16,970 ",  15 ,  146 ,"  2,050 ",  14 ,  273 ,"  2,747 ",  10 ,  54 ,  627 ,  12 ,  94 ,"  1,216 ",  13 ,  16 ,  32 ,  2 ,  613 ,"  9,673 ",  16 ,  268 ,"  5,068 ",  19 ,  261 ,"  3,939 ",  15 ,  226 ,"  5,181 ",  23 ,  137 ,"  1,651 ",  12 ,  30 ,  341 ,  11 ,  152 ,"  3,203 ",  21 ,  176 ,"  2,298 ",  13 ,"  2,447 ","  38,027 ",  16 ,  28 ,  342 ,  12 ,  53 ,  573 ,  11 ,  314 ,"  3,101 ",  10 ,  181 ,"  1,591 ",  9 ,  422 ,"  5,090 ",  12 ,  97 ,"  1,072 ",  11 ,  59 ,"  1,057 ",  18 ,  339 ,"  4,545 ",  13 ,  117 ,"  1,242 ",  11 ,  158 ,"  2,047 ",  13 ,  188 ,"  1,964 ",  10 ,"  1,956 ","  22,625 ",  12 ,  206 ,"  1,656 ",  8 ,  126 ,"  1,010 ",  8 ,  704 ,"  8,484 ",  12 ,  251 ,"  4,343 ",  17 ,  141 ,"  1,758 ",  12 ,  66 ,  587 ,  9 ,  65 ,"  1,283 ",  20 ,  188 ,"  1,964 ",  10 ,  68 ,  919 ,  13 ,  35 ,  221 ,  6 ,  109 ,  981 ,  9 ,  72 ,"  1,457 ",  20 ,"  2,032 ","  24,662 ",  12 ,  36 ,  343 ,  9 ,  28 ,  778 ,  28 ,  7 ,  53 ,  8 ,  20 ,  101 ,  5 ,  18 ,  364 ,  20 ,  141 ,"  1,768 ",  13 ,  141 ,"  1,758 ",  12 ,  26 ,  162 ,  6 ,  97 ,  965 ,  10 ,  186 ,"  1,495 ",  8 ,  700 ,"  7,785 ",  11 ,  80 ,  687 ,  9 ,  45 ,  455 ,  10 ,  60 ,  636 ,  11 ,  42 ,"  1,082 ",  26 ,  35 ,  689 ,  20 ,  45 ,  455 ,  10 ,  67 ,  744 ,  11 ,  503 ,"  7,676 ",  15 ,  50 ,  253 ,  5 ,  929 ,"  12,676 ",  14 ,"  12,926 ","  162,179 ",  13 
7,Carrot,  15 ,  182 ,  12 ,  21 ,  212 ,  10 ,  10 ,  51 ,  5 ,  16 ,  111 ,  7 ,  50 ,  560 ,  11 ,  20 ,  141 ,  7 ,  25 ,  287 ,  11 ,  5 ,  20 ,  4 ,  553 ,"  5,555 ",  10 ,  5 ,  61 ,  12 ,  3 ,  45 ,  15 ,  71 ,  574 ,  8 ,  251 ,"  2,020 ",  8 ,  70 ,  707 ,  10 ,"  1,117 ","  10,525 ",  9 ,  30 ,  348 ,  12 ,  20 ,  202 ,  10 ,  4 ,  32 ,  7 ,  -   ,  -   ,,  25 ,  278 ,  11 ,  98 ,  303 ,  3 ,  21 ,  382 ,  18 ,  2 ,  29 ,  13 ,  202 ,"  1,574 ",  8 ,  20 ,  177 ,  9 ,  15 ,  76 ,  5 ,  3 ,  29 ,  10 ,  27 ,  335 ,  12 ,  10 ,  56 ,  6 ,  111 ,"  1,722 ",  16 ,  240 ,"  4,504 ",  19 ,  125 ,"  1,250 ",  10 ,  49 ,  811 ,  16 ,  21 ,  243 ,  12 ,  513 ,"  3,322 ",  6 ,  78 ,"  1,260 ",  16 ,  116 ,"  1,452 ",  13 ,"  1,328 ","  15,237 ",  11 ,  3 ,  36 ,  12 ,  12 ,  133 ,  11 ,  6 ,  61 ,  10 ,  25 ,  157 ,  6 ,  13 ,  125 ,  10 ,  41 ,  430 ,  11 ,  13 ,  101 ,  8 ,  14 ,  127 ,  9 ,  17 ,  223 ,  13 ,  15 ,  182 ,  12 ,  23 ,  209 ,  9 ,  183 ,"  1,784 ",  10 ,  15 ,"  1,239 ",  82 ,  25 ,  303 ,  12 ,  106 ,"  1,167 ",  11 ,  5 ,  86 ,  17 ,  8 ,  80 ,  10 ,  3 ,  9 ,  3 ,  26 ,"  2,323 ",  89 ,  23 ,  209 ,  9 ,  3 ,  32 ,  11 ,  3 ,  14 ,  6 ,  12 ,  136 ,  11 ,  56 ,  995 ,  18 ,  285 ,"  6,594 ",  23 ,  7 ,  71 ,  10 ,  15 ,  145 ,  10 ,  14 ,  85 ,  6 ,  47 ,  190 ,  4 ,  4 ,  34 ,  9 ,  55 ,  472 ,  9 ,  8 ,  80 ,  10 ,  3 ,  21 ,  7 ,  23 ,  245 ,  11 ,  9 ,  80 ,  9 ,  186 ,"  1,424 ",  8 ,  5 ,  35 ,  7 ,  3 ,  27 ,  9 ,  1 ,  9 ,  9 ,  2 ,  23 ,  15 ,  4 ,  40 ,  10 ,  4 ,  42 ,  11 ,  2 ,  30 ,  15 ,  35 ,  424 ,  12 ,  5 ,  45 ,  9 ,  61 ,  677 ,  11 ,"  3,361 ","  37,815 ",  11 
8,Turnip,  -   ,  -   ,,  5 ,  35 ,  7 ,  1 ,  6 ,  6 ,  -   ,  -   ,,  -   ,  -   ,,  -   ,  -   ,,  -   ,  -   ,,  1 ,  4 ,  4 ,  111 ,  889 ,  8 ,  1 ,  10 ,  10 ,  3 ,  25 ,  8 ,  -   ,  -   ,,  5 ,  20 ,  4 ,  15 ,  152 ,  10 ,  142 ,"  1,141 ",  8 ,  -   ,  -   ,,  4 ,  32 ,  8 ,  5 ,  50 ,  10 ,  -   ,  -   ,,  20 ,  121 ,  6 ,  15 ,  121 ,  8 ,  15 ,  273 ,  18 ,  -   ,  -   ,,  59 ,  597 ,  10 ,  10 ,  101 ,  10 ,  4 ,  36 ,  9 ,  -   ,  -   ,,  3 ,  42 ,  13 ,  -   ,  -   ,,  16 ,  242 ,  15 ,  -   ,  -   ,,  11 ,  303 ,  27 ,  18 ,  185 ,  10 ,  18 ,  216 ,  12 ,  -   ,  -   ,,  -   ,  -   ,,  -   ,  -   ,,  81 ,"  1,126 ",  14 ,  2 ,  9 ,  6 ,  -   ,  -   ,,  3 ,  25 ,  10 ,  7 ,  71 ,  10 ,  -   ,  -   ,,  6 ,  70 ,  12 ,  3 ,  22 ,  8 ,  -   ,  -   ,,  3 ,  21 ,  7 ,  -   ,  -   ,,  1 ,  8 ,  8 ,  24 ,  227 ,  10 ,  2 ,  17 ,  8 ,  15 ,  227 ,  15 ,  15 ,  179 ,  12 ,  3 ,  52 ,  17 ,  -   ,  -   ,,  -   ,  -   ,,  16 ,  91 ,  6 ,  1 ,  8 ,  8 ,  -   ,  -   ,,  3 ,  36 ,  12 ,  52 ,  604 ,  12 ,  -   ,  -   ,,  108 ,"  1,214 ",  11 ,  2 ,  24 ,  12 ,  8 ,  58 ,  8 ,  -   ,  -   ,,  -   ,  -   ,,  1 ,  13 ,  13 ,  8 ,  97 ,  12 ,  -   ,  -   ,,  1 ,  6 ,  12 ,  -   ,  -   ,,  4 ,  71 ,  18 ,  23 ,  269 ,  12 ,  5 ,  45 ,  9 ,  1 ,  4 ,  8 ,  -   ,  -   ,,  -   ,  -   ,,  4 ,  40 ,  10 ,  3 ,  24 ,  8 ,  1 ,  15 ,  15 ,  5 ,  66 ,  13 ,  10 ,  40 ,  4 ,  29 ,  235 ,  8 ,  465 ,"  4,808 ",  10 
9,Capsicum,  7 ,  74 ,  11 ,  5 ,  25 ,  5 ,  1 ,  6 ,  6 ,  11 ,  72 ,  7 ,  4 ,  33 ,  8 ,  16 ,  81 ,  5 ,  25 ,  96 ,  4 ,  4 ,  10 ,  3 ,  52 ,  158 ,  3 ,  2 ,  10 ,  5 ,  5 ,  42 ,  8 ,  7 ,  25 ,  4 ,  25 ,  76 ,  3 ,  3 ,  18 ,  6 ,  168 ,  727 ,  4 ,  -   ,  -   ,,  -   ,  -   ,,  -   ,  -   ,,  -   ,  -   ,,  5 ,  15 ,  3 ,  -   ,  -   ,,  25 ,  581 ,  23 ,  4 ,  22 ,  6 ,  34 ,  618 ,  18 ,  22 ,  202 ,  9 ,  9 ,  100 ,  11 ,  -   ,  -   ,,  4 ,  40 ,  9 ,  -   ,  -   ,,  161 ,"  2,586 ",  16 ,  -   ,  -   ,,  62 ,"  1,190 ",  19 ,  2 ,  25 ,  13 ,  20 ,  182 ,  9 ,  146 ,"  1,062 ",  7 ,  56 ,  848 ,  15 ,  116 ,"  1,394 ",  12 ,  598 ,"  7,628 ",  13 ,  -   ,  -   ,,  -   ,  -   ,,  9 ,  91 ,  10 ,  5 ,  4 ,  1 ,  6 ,  45 ,  8 ,  6 ,  67 ,  12 ,  4 ,  39 ,  10 ,  8 ,  73 ,  9 ,  4 ,  26 ,  7 ,  9 ,  245 ,  29 ,  5 ,  61 ,  12 ,  55 ,  650 ,  12 ,  -   ,  -   ,,  15 ,  152 ,  10 ,  25 ,  278 ,  11 ,  1 ,  7 ,  7 ,  1 ,  3 ,  3 ,  -   ,  -   ,,  10 ,  35 ,  4 ,  5 ,  61 ,  12 ,  8 ,  57 ,  7 ,  3 ,  4 ,  2 ,  9 ,  38 ,  4 ,  4 ,  14 ,  4 ,  80 ,  648 ,  8 ,  1 ,  3 ,  3 ,  -   ,  -   ,,  -   ,  -   ,,  1 ,  3 ,  3 ,  2 ,  32 ,  16 ,  50 ,  404 ,  8 ,  1 ,  3 ,  3 ,  9 ,  55 ,  6 ,  18 ,  191 ,  11 ,  30 ,  364 ,  12 ,  113 ,"  1,055 ",  9 ,  2 ,  12 ,  8 ,  3 ,  21 ,  7 ,  11 ,  56 ,  5 ,  3 ,  30 ,  12 ,  28 ,  170 ,  6 ,  48 ,  412 ,  9 ,  18 ,  164 ,  9 ,  35 ,  354 ,  10 ,  10 ,  51 ,  5 ,  158 ,"  1,268 ",  8 ,"  1,206 ","  12,595 ",  10 
10,Peas,  8 ,  85 ,  11 ,  53 ,  375 ,  7 ,  9 ,  59 ,  7 ,  57 ,  634 ,  11 ,  202 ,  848 ,  4 ,  70 ,  707 ,  10 ,  332 ,"  2,377 ",  7 ,  20 ,  51 ,  3 ,  503 ,"  2,525 ",  5 ,  12 ,  61 ,  5 ,  5 ,  36 ,  7 ,  70 ,  488 ,  7 ,  251 ,"  2,651 ",  11 ,  60 ,  545 ,  9 ,"  1,653 ","  11,442 ",  7 ,  50 ,  253 ,  5 ,  30 ,  164 ,  5 ,  95 ,  523 ,  5 ,  -   ,  -   ,,  226 ,"  1,477 ",  7 ,  357 ,  717 ,  2 ,"  1,133 ","  10,250 ",  9 ,  211 ,"  2,121 ",  10 ,"  2,102 ","  15,504 ",  7 ,  32 ,  212 ,  7 ,  76 ,  768 ,  10 ,  43 ,  43 ,  1 ,  24 ,  192 ,  8 ,  15 ,  76 ,  5 ,  271 ,"  3,272 ",  12 ,  55 ,  804 ,  15 ,  87 ,"  1,318 ",  15 ,  60 ,  753 ,  12 ,  131 ,"  1,187 ",  9 ,  513 ,"  3,322 ",  6 ,  151 ,"  1,227 ",  8 ,  279 ,"  3,229 ",  12 ,"  1,739 ","  16,404 ",  9 ,  3 ,  5 ,  2 ,  6 ,  69 ,  11 ,  8 ,  97 ,  12 ,  30 ,  237 ,  8 ,  44 ,  267 ,  6 ,  22 ,  130 ,  6 ,  7 ,  35 ,  5 ,  82 ,  790 ,  10 ,  3 ,  30 ,  10 ,  19 ,  183 ,  10 ,  6 ,  91 ,  15 ,  230 ,"  1,934 ",  8 ,  47 ,  185 ,  4 ,  111 ,  556 ,  5 ,  211 ,"  2,333 ",  11 ,  5 ,  86 ,  17 ,  22 ,  241 ,  11 ,  35 ,  177 ,  5 ,  136 ,  646 ,  5 ,  6 ,  91 ,  15 ,  21 ,  243 ,  12 ,  12 ,  64 ,  6 ,  20 ,  164 ,  8 ,  83 ,"  1,521 ",  18 ,  708 ,"  6,306 ",  9 ,  5 ,  15 ,  3 ,  8 ,  14 ,  2 ,  42 ,  42 ,  1 ,  26 ,  105 ,  4 ,  9 ,  51 ,  6 ,  101 ,  909 ,  9 ,  22 ,  241 ,  11 ,  8 ,  36 ,  5 ,  87 ,  737 ,  8 ,  55 ,  663 ,  12 ,  363 ,"  2,813 ",  8 ,  10 ,  96 ,  10 ,  2 ,  4 ,  2 ,  14 ,  98 ,  7 ,  82 ,  762 ,  9 ,  49 ,  297 ,  6 ,  25 ,  263 ,  10 ,  3 ,  15 ,  5 ,  146 ,"  1,757 ",  12 ,  65 ,  229 ,  4 ,  397 ,"  3,521 ",  9 ,"  7,192 ","  57,924 ",  8 
11,French Beans,  -   ,  -   ,,  -   ,  -   ,,  8 ,  57 ,  7 ,  58 ,  639 ,  11 ,  -   ,  -   ,,  -   ,  -   ,,  -   ,  -   ,,  5 ,  15 ,  3 ,  382 ,"  3,070 ",  8 ,  15 ,  44 ,  3 ,  -   ,  -   ,,  137 ,  890 ,  7 ,  171 ,"  1,803 ",  11 ,  20 ,  202 ,  10 ,  796 ,"  6,720 ",  8 ,  -   ,  -   ,,  15 ,  107 ,  7 ,  -   ,  -   ,,  -   ,  -   ,,  261 ,"  2,889 ",  11 ,  76 ,  154 ,  2 ,  -   ,  -   ,,  -   ,  -   ,,  353 ,"  3,149 ",  9 ,  -   ,  -   ,,  58 ,  64 ,  1 ,  38 ,  40 ,  1 ,  -   ,  -   ,,  50 ,  202 ,  4 ,  -   ,  -   ,,  -   ,  -   ,,  -   ,  -   ,,  3 ,  45 ,  15 ,  15 ,  136 ,  9 ,  35 ,  288 ,  8 ,  5 ,  46 ,  9 ,  191 ,"  1,727 ",  9 ,  396 ,"  2,550 ",  6 ,  14 ,  41 ,  3 ,  4 ,  16 ,  4 ,  8 ,  65 ,  8 ,  126 ,"  1,109 ",  9 ,  8 ,  57 ,  7 ,  9 ,  103 ,  12 ,  -   ,  -   ,,  8 ,  29 ,  4 ,  25 ,  253 ,  10 ,  182 ,"  2,413 ",  13 ,  25 ,  200 ,  8 ,  408 ,"  4,286 ",  11 ,  -   ,  -   ,,  -   ,  -   ,  -   ,  15 ,  121 ,  8 ,  -   ,  -   ,,  -   ,  -   ,,  5 ,  18 ,  4 ,  -   ,  -   ,,  25 ,  200 ,  8 ,  75 ,  984 ,  13 ,  3 ,  6 ,  2 ,  25 ,  208 ,  8 ,  56 ,  481 ,  9 ,  204 ,"  2,017 ",  10 ,  -   ,  -   ,,  136 ,  985 ,  7 ,  -   ,  -   ,,  -   ,  -   ,,  1 ,  12 ,  12 ,  46 ,  242 ,  5 ,  -   ,  -   ,,  33 ,  210 ,  6 ,  297 ,"  3,262 ",  11 ,  104 ,"  1,352 ",  13 ,  617 ,"  6,064 ",  10 ,  25 ,  278 ,  11 ,  7 ,  57 ,  8 ,  9 ,  91 ,  10 ,  5 ,  81 ,  16 ,  -   ,  -   ,,  8 ,  81 ,  10 ,  -   ,  -   ,,  161 ,"  1,778 ",  11 ,  10 ,  35 ,  4 ,  225 ,"  2,400 ",  11 ,"  2,999 ","  27,187 ",  9 
12,French Beans -Pole Type,  22 ,  244 ,  11 ,  68 ,  481 ,  7 ,  7 ,  35 ,  5 ,  -   ,  -   ,,  179 ,"  1,747 ",  10 ,  60 ,  848 ,  14 ,  297 ,"  3,344 ",  11 ,  60 ,  331 ,  6 ,  462 ,"  3,252 ",  7 ,  110 ,  881 ,  8 ,  13 ,  53 ,  4 ,  -   ,  -   ,,  151 ,"  1,515 ",  10 ,  12 ,  97 ,  8 ,"  1,442 ","  12,828 ",  9 ,  -   ,  -   ,,  15 ,  99 ,  7 ,  63 ,  416 ,  7 ,  -   ,  -   ,,  15 ,  61 ,  4 ,  56 ,  113 ,  2 ,  45 ,  500 ,  11 ,  -   ,  -   ,,  194 ,"  1,188 ",  6 ,  44 ,  622 ,  14 ,  15 ,  45 ,  3 ,  52 ,  309 ,  6 ,  32 ,  351 ,  11 ,  6 ,  42 ,  7 ,  221 ,"  3,444 ",  16 ,  141 ,"  1,731 ",  12 ,  75 ,"  1,515 ",  20 ,  22 ,  334 ,  15 ,  123 ,"  1,431 ",  12 ,  270 ,"  2,269 ",  8 ,  67 ,  818 ,  12 ,  186 ,"  2,522 ",  14 ,"  1,255 ","  15,435 ",  12 ,  5 ,  12 ,  3 ,  4 ,  42 ,  11 ,  22 ,  222 ,  10 ,  276 ,"  2,430 ",  9 ,  81 ,  736 ,  9 ,  176 ,"  2,482 ",  14 ,  13 ,  160 ,  12 ,  80 ,  828 ,  10 ,  55 ,  574 ,  10 ,  168 ,"  2,024 ",  12 ,  5 ,  35 ,  7 ,  886 ,"  9,546 ",  11 ,  45 ,  367 ,  8 ,  40 ,  202 ,  5 ,  106 ,"  1,273 ",  12 ,  5 ,  81 ,  16 ,  19 ,  122 ,  7 ,  34 ,  172 ,  5 ,  16 ,  99 ,  6 ,  5 ,  35 ,  7 ,  95 ,"  1,252 ",  13 ,  39 ,  428 ,  11 ,  80 ,  667 ,  8 ,  62 ,  745 ,  12 ,  546 ,"  5,442 ",  10 ,  2 ,  20 ,  10 ,  -   ,  -   ,,  3 ,  24 ,  8 ,  5 ,  20 ,  4 ,  4 ,  35 ,  9 ,  45 ,  431 ,  10 ,  19 ,  122 ,  7 ,  13 ,  73 ,  6 ,  -   ,  -   ,,  12 ,  73 ,  6 ,  103 ,  799 ,  8 ,  30 ,  326 ,  11 ,  3 ,  25 ,  8 ,  20 ,  313 ,  16 ,  6 ,  97 ,  16 ,  24 ,  364 ,  15 ,  42 ,  551 ,  13 ,  35 ,  318 ,  9 ,  251 ,"  3,283 ",  13 ,  22 ,  300 ,  14 ,  434 ,"  5,577 ",  13 ,"  4,861 ","  50,815 ",  10 
13,French Beans -BushType,  5 ,  51 ,  10 ,  30 ,  212 ,  7 ,  4 ,  16 ,  4 ,  -   ,  -   ,,  -   ,  -   ,,  7 ,  92 ,  13 ,  -   ,  -   ,,  -   ,  -   ,,  251 ,"  2,525 ",  10 ,  8 ,  34 ,  4 ,  2 ,  6 ,  3 ,  -   ,  -   ,,  15 ,  106 ,  7 ,  -   ,  -   ,,  323 ,"  3,042 ",  9 ,  25 ,  202 ,  8 ,  10 ,  71 ,  7 ,  16 ,  101 ,  6 ,  -   ,  -   ,,  -   ,  -   ,,  45 ,  91 ,  2 ,  -   ,  -   ,,  17 ,  233 ,  14 ,  113 ,  698 ,  6 ,  -   ,  -   ,,  10 ,  40 ,  4 ,  -   ,  -   ,,  20 ,  207 ,  10 ,  11 ,  61 ,  5 ,  85 ,"  1,374 ",  16 ,  -   ,  -   ,,  84 ,"  1,697 ",  20 ,  4 ,  71 ,  18 ,  4 ,  40 ,  11 ,  -   ,  -   ,,  -   ,  -   ,,  5 ,  96 ,  19 ,  223 ,"  3,585 ",  16 ,  -   ,  -   ,,  -   ,  -   ,,  6 ,  40 ,  7 ,  28 ,  243 ,  9 ,  19 ,  230 ,  12 ,  -   ,  -   ,,  5 ,  25 ,  5 ,  -   ,  -   ,,  10 ,  111 ,  11 ,  -   ,  -   ,,  3 ,  18 ,  7 ,  70 ,  668 ,  9 ,  147 ,"  1,482 ",  10 ,  -   ,  -   ,,  80 ,  929 ,  12 ,  5 ,  81 ,  16 ,  -   ,  -   ,,  0 ,  1 ,  4 ,  17 ,  73 ,  4 ,  3 ,  18 ,  7 ,  57 ,  744 ,  13 ,  18 ,  109 ,  6 ,  9 ,  75 ,  8 ,  -   ,  -   ,,  336 ,"  3,511 ",  10 ,  -   ,  -   ,,  -   ,  -   ,,  -   ,  -   ,,  5 ,  20 ,  4 ,  1 ,  10 ,  10 ,  30 ,  202 ,  7 ,  -   ,  -   ,,  4 ,  26 ,  7 ,  -   ,  -   ,,  50 ,  606 ,  12 ,  90 ,  865 ,  10 ,  -   ,  -   ,,  2 ,  13 ,  7 ,  10 ,  81 ,  8 ,  1 ,  17 ,  17 ,  1 ,  8 ,  8 ,  7 ,  85 ,  12 ,  10 ,  91 ,  9 ,  138 ,"  1,245 ",  9 ,  38 ,  461 ,  12 ,  207 ,"  2,000 ",  10 ,"  1,362 ","  14,369 ",  11 
14,French Beans - Sword Type,  2 ,  20 ,  10 ,  18 ,  109 ,  6 ,  4 ,  16 ,  4 ,  -   ,  -   ,,  -   ,  -   ,,  -   ,  -   ,,  -   ,  -   ,,  -   ,  -   ,,  50 ,  505 ,  10 ,  5 ,  25 ,  5 ,  -   ,  -   ,,  -   ,  -   ,,  35 ,  247 ,  7 ,  90 ,  636 ,  7 ,  205 ,"  1,559 ",  8 ,  -   ,  -   ,,  15 ,  76 ,  5 ,  -   ,  -   ,,  -   ,  -   ,,  261 ,"  1,050 ",  4 ,  -   ,  -   ,,  -   ,  -   ,,  -   ,  -   ,,  276 ,"  1,126 ",  4 ,  25 ,  242 ,  10 ,  10 ,  51 ,  5 ,  -   ,  -   ,,  5 ,  31 ,  6 ,  -   ,  -   ,,  40 ,  687 ,  17 ,  110 ,"  1,652 ",  15 ,  66 ,"  1,000 ",  15 ,  5 ,  61 ,  12 ,  1 ,  14 ,  14 ,  35 ,  359 ,  10 ,  -   ,  -   ,,  -   ,  -   ,,  298 ,"  4,096 ",  14 ,  -   ,  -   ,,  -   ,  -   ,,  5 ,  51 ,  10 ,  55 ,  472 ,  9 ,  5 ,  35 ,  7 ,  -   ,  -   ,,  5 ,  18 ,  3 ,  2 ,  12 ,  6 ,  3 ,  30 ,  10 ,  4 ,  20 ,  6 ,  2 ,  14 ,  7 ,  81 ,  653 ,  8 ,  19 ,  187 ,  10 ,  -   ,  -   ,,  -   ,  -   ,,  5 ,  91 ,  18 ,  2 ,  23 ,  12 ,  1 ,  2 ,  4 ,  -   ,  -   ,,  2 ,  14 ,  7 ,  -   ,  -   ,,  1 ,  2 ,  2 ,  -   ,  -   ,,  -   ,  -   ,,  29 ,  319 ,  11 ,  3 ,  30 ,  10 ,  -   ,  -   ,,  84 ,  806 ,  10 ,  3 ,  15 ,  5 ,  -   ,  -   ,,  90 ,  758 ,  8 ,  2 ,  23 ,  12 ,  2 ,  12 ,  6 ,  -   ,  -   ,,  -   ,  -   ,,  185 ,"  1,644 ",  9 ,  6 ,  67 ,  11 ,  2 ,  13 ,  7 ,  -   ,  -   ,,  4 ,  16 ,  4 ,  3 ,  25 ,  10 ,  5 ,  71 ,  14 ,  2 ,  12 ,  6 ,  166 ,"  2,000 ",  12 ,  -   ,  -   ,,  187 ,"  2,204 ",  12 ,"  1,263 ","  11,602 ",  9 
15,Broad Beans,  2 ,  20 ,  10 ,  11 ,  89 ,  8 ,  1 ,  8 ,  8 ,  -   ,  -   ,,  -   ,  -   ,,  11 ,  100 ,  9 ,  -   ,  -   ,,  6 ,  14 ,  2 ,  151 ,  909 ,  6 ,  4 ,  13 ,  3 ,  3 ,  8 ,  3 ,  -   ,  -   ,,  20 ,  141 ,  7 ,  15 ,  121 ,  8 ,  224 ,"  1,423 ",  6 ,  25 ,  253 ,  10 ,  20 ,  144 ,  7 ,  40 ,  327 ,  8 ,  -   ,  -   ,,  201 ,  404 ,  2 ,  347 ,  697 ,  2 ,  20 ,  263 ,  13 ,  34 ,  343 ,  10 ,  687 ,"  2,431 ",  4 ,  6 ,  46 ,  8 ,  11 ,  44 ,  4 ,  -   ,  -   ,,  4 ,  34 ,  8 ,  16 ,  32 ,  2 ,  40 ,  808 ,  20 ,  -   ,  -   ,,  2 ,  20 ,  10 ,  35 ,  481 ,  14 ,  17 ,  172 ,  10 ,  30 ,  276 ,  9 ,  3 ,  21 ,  7 ,  20 ,  162 ,  8 ,  185 ,"  2,097 ",  11 ,  1 ,  4 ,  4 ,  -   ,  -   ,,  4 ,  35 ,  10 ,  24 ,  248 ,  10 ,  5 ,  51 ,  10 ,  6 ,  94 ,  16 ,  4 ,  17 ,  4 ,  11 ,  53 ,  5 ,  5 ,  49 ,  10 ,  10 ,  55 ,  6 ,  1 ,  8 ,  8 ,  70 ,  615 ,  9 ,  10 ,  101 ,  10 ,  20 ,  303 ,  15 ,  55 ,  667 ,  12 ,  20 ,  424 ,  21 ,  2 ,  15 ,  9 ,  12 ,  48 ,  4 ,  16 ,  89 ,  6 ,  1 ,  8 ,  8 ,  -   ,  -   ,,  6 ,  33 ,  6 ,  12 ,  34 ,  3 ,  17 ,  226 ,  13 ,  171 ,"  1,949 ",  11 ,  -   ,  -   ,,  -   ,  -   ,,  -   ,  -   ,,  -   ,  -   ,,  1 ,  9 ,  9 ,  15 ,  152 ,  10 ,  2 ,  15 ,  9 ,  2 ,  8 ,  4 ,  -   ,  -   ,,  6 ,  45 ,  8 ,  26 ,  229 ,  9 ,  -   ,  -   ,,  2 ,  10 ,  7 ,  6 ,  36 ,  6 ,  3 ,  10 ,  4 ,  2 ,  12 ,  6 ,  3 ,  27 ,  9 ,  4 ,  32 ,  8 ,  30 ,  505 ,  17 ,  15 ,  61 ,  4 ,  64 ,  694 ,  11 ,"  1,428 ","  9,438 ",  7 
16,Asparagus Beans,  9 ,  103 ,  12 ,  18 ,  109 ,  6 ,,  -   ,,  31 ,  346 ,  11 ,  138 ,"  1,061 ",  8 ,  10 ,  141 ,  14 ,  -   ,  -   ,,  5 ,  36 ,  7 ,  286 ,"  2,015 ",  7 ,  4 ,  30 ,  8 ,  12 ,  55 ,  5 ,  -   ,  -   ,,  50 ,  379 ,  8 ,  25 ,  152 ,  6 ,  588 ,"  4,427 ",  8 ,  508 ,"  4,080 ",  8 ,  12 ,  92 ,  8 ,  126 ,  644 ,  5 ,  -   ,  -   ,,  126 ,  379 ,  3 ,  268 ,  539 ,  2 ,  648 ,"  3,257 ",  5 ,  136 ,"  1,636 ",  12 ,"  1,823 ","  10,628 ",  6 ,  9 ,  45 ,  5 ,  30 ,  91 ,  3 ,  5 ,  30 ,  6 ,  22 ,  239 ,  11 ,  116 ,  232 ,  2 ,  35 ,  601 ,  17 ,  118 ,"  1,153 ",  10 ,  17 ,  378 ,  22 ,  15 ,  152 ,  10 ,  72 ,  879 ,  12 ,  80 ,  735 ,  9 ,  10 ,  68 ,  7 ,  262 ,"  3,427 ",  13 ,  792 ,"  8,030 ",  10 ,  -   ,  -   ,,  -   ,  -   ,,  12 ,  109 ,  9 ,  8 ,  105 ,  13 ,  81 ,  736 ,  9 ,  8 ,  98 ,  13 ,  23 ,  258 ,  11 ,  19 ,  202 ,  11 ,  8 ,  58 ,  7 ,  20 ,  143 ,  7 ,  25 ,  278 ,  11 ,  204 ,"  1,987 ",  10 ,  28 ,  285 ,  10 ,  50 ,  758 ,  15 ,  18 ,  100 ,  6 ,  201 ,"  2,828 ",  14 ,  6 ,  74 ,  12 ,  10 ,  40 ,  4 ,  48 ,  348 ,  7 ,  25 ,  278 ,  11 ,  81 ,"  1,087 ",  13 ,  12 ,  73 ,  6 ,  30 ,  334 ,  11 ,  50 ,  833 ,  17 ,  561 ,"  7,038 ",  13 ,  -   ,  -   ,,  -   ,  -   ,,  -   ,  -   ,,  -   ,  -   ,,  3 ,  15 ,  5 ,  35 ,  283 ,  8 ,  6 ,  74 ,  12 ,  3 ,  12 ,  4 ,  -   ,  -   ,,  15 ,  126 ,  8 ,  62 ,  511 ,  8 ,  15 ,  135 ,  9 ,  1 ,  4 ,  4 ,  5 ,  25 ,  5 ,  2 ,  26 ,  15 ,  2 ,  12 ,  6 ,  15 ,  131 ,  9 ,  11 ,  100 ,  9 ,  417 ,"  7,878 ",  19 ,  35 ,  283 ,  8 ,  503 ,"  8,594 ",  17 ,"  4,534 ","  41,214 ",  9 
17,Cowpea,  2 ,  20 ,  10 ,  24 ,  145 ,  6 ,  6 ,  30 ,  5 ,  -   ,  -   ,,  -   ,  -   ,,  30 ,  394 ,  13 ,  52 ,  515 ,  10 ,  6 ,  20 ,  3 ,  251 ,"  1,768 ",  7 ,  11 ,  80 ,  7 ,  8 ,  40 ,  5 ,  159 ,  878 ,  6 ,  60 ,  606 ,  10 ,  5 ,  20 ,  4 ,  615 ,"  4,517 ",  7 ,  201 ,"  1,616 ",  8 ,  20 ,  176 ,  9 ,  236 ,"  1,741 ",  7 ,  151 ,"  1,530 ",  10 ,  126 ,  404 ,  3 ,  45 ,  91 ,  2 ,  126 ,"  1,515 ",  12 ,  -   ,  -   ,,  905 ,"  7,073 ",  8 ,  21 ,  106 ,  5 ,  13 ,  27 ,  2 ,  5 ,  30 ,  6 ,  26 ,  227 ,  9 ,  11 ,  78 ,  7 ,  40 ,  727 ,  18 ,  -   ,  -   ,,  3 ,  30 ,  10 ,  25 ,  253 ,  10 ,  66 ,  633 ,  10 ,  28 ,  230 ,  8 ,  11 ,  69 ,  6 ,  104 ,  832 ,  8 ,  354 ,"  3,243 ",  9 ,  -   ,  -   ,,  -   ,  -   ,,  14 ,  113 ,  8 ,  101 ,  874 ,  9 ,  32 ,  291 ,  9 ,  156 ,"  2,039 ",  13 ,  24 ,  249 ,  11 ,  54 ,  535 ,  10 ,  28 ,  256 ,  9 ,  10 ,  57 ,  6 ,  78 ,  939 ,  12 ,  497 ,"  5,353 ",  11 ,  412 ,  428 ,  1 ,  121 ,"  1,818 ",  15 ,  191 ,"  2,015 ",  11 ,  201 ,"  2,727 ",  14 ,  16 ,  186 ,  12 ,  15 ,  61 ,  4 ,  191 ,"  1,465 ",  8 ,  78 ,  939 ,  12 ,  20 ,  271 ,  13 ,  36 ,  147 ,  4 ,  24 ,  233 ,  10 ,  72 ,"  1,109 ",  15 ,"  1,377 ","  11,399 ",  8 ,  5 ,  51 ,  10 ,  -   ,  -   ,,  -   ,  -   ,,  -   ,  -   ,,  40 ,  28 ,  1 ,  116 ,  110 ,  1 ,  16 ,  186 ,  12 ,  28 ,  122 ,  4 ,  28 ,  300 ,  11 ,  65 ,  919 ,  14 ,  298 ,"  1,716 ",  6 ,  25 ,  227 ,  9 ,  5 ,  40 ,  8 ,  20 ,  141 ,  7 ,  1 ,  18 ,  18 ,  131 ,  788 ,  6 ,  17 ,  155 ,  9 ,  10 ,  51 ,  5 ,  256 ,"  3,788 ",  15 ,  20 ,  101 ,  5 ,  485 ,"  5,309 ",  11 ,"  4,530 ","  38,609 ",  9 
18,Other  (Legumes),  28 ,  283 ,  10 ,  9 ,  45 ,  5 ,  16 ,  81 ,  5 ,  -   ,  -   ,,  -   ,  -   ,,  -   ,  -   ,,  -   ,  -   ,,  70 ,  293 ,  4 ,  161 ,"  1,131 ",  7 ,  -   ,  -   ,,  -   ,  -   ,,  -   ,  -   ,,  276 ,"  2,083 ",  8 ,  40 ,  404 ,  10 ,  601 ,"  4,320 ",  7 ,  -   ,  -   ,,  40 ,  291 ,  7 ,  -   ,  -   ,,  -   ,  -   ,,  171 ,"  1,030 ",  6 ,  -   ,  -   ,,  -   ,  -   ,,  30 ,  242 ,  8 ,  241 ,"  1,563 ",  6 ,  45 ,  409 ,  9 ,  3 ,  12 ,  4 ,  -   ,  -   ,,  -   ,  -   ,,  -   ,  -   ,,  40 ,  727 ,  18 ,  -   ,  -   ,,  -   ,  -   ,,  15 ,  152 ,  10 ,  15 ,  154 ,  10 ,  -   ,  -   ,,  -   ,  -   ,,  111 ,  944 ,  9 ,  229 ,"  2,398 ",  10 ,  -   ,  -   ,,  -   ,  -   ,,  12 ,  97 ,  8 ,  70 ,  596 ,  8 ,  -   ,  -   ,,  -   ,  -   ,,  6 ,  31 ,  5 ,  9 ,  79 ,  9 ,  2 ,  23 ,  12 ,  144 ,  162 ,  1 ,  3 ,  23 ,  9 ,  245 ,"  1,011 ",  4 ,  -   ,  -   ,,  50 ,  303 ,  6 ,  18 ,  91 ,  5 ,  -   ,  -   ,,  -   ,  -   ,,  1 ,  4 ,  4 ,  50 ,  323 ,  6 ,  3 ,  23 ,  9 ,  -   ,  -   ,,  -   ,  -   ,,  20 ,  104 ,  5 ,  -   ,  -   ,,  142 ,  848 ,  6 ,  201 ,"  1,616 ",  8 ,  -   ,  -   ,,  5 ,  5 ,,  -   ,  -   ,,  4 ,  20 ,  5 ,  10 ,  76 ,  8 ,  -   ,  -   ,,  12 ,  75 ,  6 ,  -   ,  -   ,,  2 ,  10 ,  5 ,  234 ,"  1,802 ",  8 ,  7 ,  53 ,  7 ,  -   ,  -   ,,  10 ,  71 ,  7 ,  2 ,  7 ,  4 ,  35 ,  354 ,  10 ,  52 ,  157 ,  3 ,  14 ,  57 ,  4 ,  151 ,"  3,030 ",  20 ,  75 ,  379 ,  5 ,  347 ,"  4,106 ",  12 ,"  2,040 ","  16,047 ",  8 
19,Asparagus,  -   ,  -   ,,  -   ,  -   ,,,  -   ,,  -   ,  -   ,,  -   ,  -   ,,  -   ,  -   ,,  -   ,  -   ,,  1 ,  1 ,  2 ,  15 ,  45 ,  3 ,  -   ,  -   ,,  -   ,  -   ,,  -   ,  -   ,,  20 ,  71 ,  4 ,  -   ,  -   ,,  36 ,  117 ,  3 ,  -   ,  -   ,,  -   ,  -   ,,  -   ,  -   ,,  -   ,  -   ,,  -   ,  -   ,,  -   ,  -   ,,  -   ,  -   ,,  -   ,  -   ,,  -   ,  -   ,,  -   ,  -   ,,  1 ,  2 ,  2 ,  -   ,  -   ,,  -   ,  -   ,,  -   ,  -   ,,  10 ,  172 ,  17 ,  39 ,  545 ,  14 ,  7 ,  113 ,  16 ,  12 ,  121 ,  10 ,  7 ,  23 ,  4 ,  5 ,  31 ,  6 ,  -   ,  -   ,,  -   ,  -   ,,  81 ,"  1,007 ",  12 ,  -   ,  -   ,,  -   ,  -   ,,  -   ,  -   ,,  1 ,  1 ,  1 ,  2 ,  12 ,  6 ,  6 ,  24 ,  4 ,  1 ,  3 ,  7 ,  -   ,  -   ,,  -   ,  -   ,,  -   ,  -   ,,  3 ,  18 ,  7 ,  12 ,  58 ,  5 ,  -   ,  -   ,,  4 ,  10 ,  3 ,  -   ,  -   ,,  -   ,  -   ,,  -   ,  -   ,,  0 ,  1 ,  4 ,  -   ,  -   ,,  3 ,  18 ,  7 ,  -   ,  -   ,,  0 ,  1 ,  6 ,  -   ,  -   ,,  -   ,  -   ,,  7 ,  30 ,  4 ,  -   ,  -   ,,  -   ,  -   ,,  -   ,  -   ,,  -   ,  -   ,,  -   ,  -   ,,  -   ,  -   ,,  -   ,  -   ,,  1 ,  1 ,  2 ,  -   ,  -   ,,  -   ,  -   ,,  1 ,  1 ,  2 ,  -   ,  -   ,,  -   ,  -   ,,  -   ,  -   ,,  -   ,  -   ,,  -   ,  -   ,,  -   ,  -   ,,  -   ,  -   ,,  -   ,  -   ,,  -   ,  -   ,,  -   ,  -   ,,  136 ,"  1,214 ",  9 
20,Tree tomato,  2 ,  23 ,  12 ,  -   ,  -   ,,  5 ,  30 ,  6 ,  -   ,  -   ,,  -   ,  -   ,,  10 ,  152 ,  15 ,  5 ,  20 ,  4 ,  5 ,  14 ,  3 ,  50 ,  505 ,  10 ,  2 ,  15 ,  10 ,  -   ,  -   ,,  -   ,  -   ,,  -   ,  -   ,,  1 ,  2 ,  4 ,  79 ,  762 ,  10 ,  -   ,  -   ,,  -   ,  -   ,,  -   ,  -   ,,  -   ,  -   ,,  -   ,  -   ,,  -   ,  -   ,,  -   ,  -   ,,  -   ,  -   ,,  -   ,  -   ,,  2 ,  24 ,  12 ,  5 ,  6 ,  1 ,  -   ,  -   ,,  4 ,  23 ,  5 ,  -   ,  -   ,,  18 ,  291 ,  16 ,  -   ,  -   ,,  1 ,  10 ,  10 ,  8 ,  65 ,  8 ,  -   ,  -   ,,  -   ,  -   ,,  -   ,  -   ,,  -   ,  -   ,,  39 ,  419 ,  11 ,  -   ,  -   ,,  -   ,  -   ,,  -   ,  -   ,,  1 ,  2 ,  2 ,  1 ,  3 ,  3 ,  -   ,  -   ,,  1 ,  23 ,  19 ,  -   ,  -   ,,  2 ,  8 ,  4 ,  1 ,  6 ,  8 ,  -   ,  -   ,,  6 ,  42 ,  7 ,  -   ,  -   ,,  -   ,  -   ,,  -   ,  -   ,,  -   ,  -   ,,  -   ,  -   ,,  1 ,  2 ,  4 ,  -   ,  -   ,  -   ,  -   ,  -   ,,  -   ,  -   ,,  0 ,  0 ,  2 ,  -   ,  -   ,,  -   ,  -   ,,  1 ,  2 ,  3 ,  -   ,  -   ,,  -   ,  -   ,,  -   ,  -   ,,  -   ,  -   ,,  -   ,  -   ,,  1 ,  4 ,  4 ,  -   ,  -   ,,  1 ,  5 ,  10 ,  -   ,  -   ,,  -   ,  -   ,,  2 ,  9 ,  6 ,  -   ,  -   ,,  -   ,  -   ,,  -   ,  -   ,,  -   ,  -   ,,  1 ,  3 ,  6 ,  3 ,  17 ,  6 ,  -   ,  -   ,,  -   ,  -   ,,  -   ,  -   ,,  4 ,  20 ,  6 ,  130 ,"  1,254 ",  10 
21,Chilli Akabare ,  8 ,  93 ,  12 ,  23 ,  116 ,  5 ,  7 ,  35 ,  5 ,  168 ,  883 ,  5 ,  163 ,  603 ,  4 ,  25 ,  315 ,  13 ,  82 ,  63 ,  1 ,  15 ,  40 ,  3 ,  261 ,  788 ,  3 ,  20 ,  81 ,  4 ,  2 ,  3 ,  2 ,  -   ,  -   ,,  30 ,  91 ,  3 ,  1 ,  8 ,  8 ,  806 ,"  3,119 ",  4 ,  -   ,  -   ,,  -   ,  -   ,,  -   ,  -   ,,  -   ,  -   ,,  -   ,  -   ,,  -   ,  -   ,,  -   ,  -   ,,  -   ,  -   ,,  -   ,  -   ,,  12 ,  12 ,  1 ,  3 ,  15 ,  5 ,  5 ,  15 ,  3 ,  20 ,  159 ,  8 ,  40 ,  162 ,  4 ,  18 ,  273 ,  15 ,  -   ,  -   ,,  1 ,  2 ,  2 ,  15 ,  129 ,  9 ,  9 ,  24 ,  3 ,  10 ,  72 ,  7 ,  -   ,  -   ,,  -   ,  -   ,,  133 ,  863 ,  6 ,  -   ,  -   ,,  -   ,  -   ,,  5 ,  25 ,  5 ,  5 ,  7 ,  1 ,  3 ,  15 ,  5 ,  8 ,  53 ,  7 ,  1 ,  4 ,  5 ,  4 ,  21 ,  5 ,  1 ,  9 ,  9 ,  4 ,  4 ,  1 ,  5 ,  45 ,  9 ,  36 ,  183 ,  5 ,  4 ,  13 ,  4 ,  -   ,  -   ,,  2 ,  9 ,  5 ,  -   ,  -   ,,  -   ,  -   ,,  2 ,  8 ,  4 ,  -   ,  -   ,,  5 ,  45 ,  9 ,  4 ,  36 ,  9 ,  0 ,  1 ,  11 ,  5 ,  30 ,  6 ,  -   ,  -   ,,  22 ,  144 ,  7 ,  -   ,  -   ,,  -   ,  -   ,,  -   ,  -   ,,  -   ,  -   ,,  2 ,  14 ,  7 ,  12 ,  73 ,  6 ,  -   ,  -   ,,  1 ,  6 ,  12 ,  -   ,  -   ,,  -   ,  -   ,,  15 ,  93 ,  6 ,  -   ,  -   ,,  1 ,  7 ,  7 ,  2 ,  16 ,  8 ,  1 ,  15 ,  15 ,  1 ,  3 ,  3 ,  17 ,  222 ,  13 ,  2 ,  8 ,  4 ,  -   ,  -   ,,  -   ,  -   ,,  24 ,  272 ,  11 ,"  1,036 ","  4,673 ",  5 
22,Chilli,  33 ,  267 ,  8 ,  179 ,"  2,157 ",  12 ,  13 ,  92 ,  7 ,  28 ,  143 ,  5 ,  -   ,  -   ,,  17 ,  69 ,  4 ,  72 ,  884 ,  12 ,  13 ,  61 ,  5 ,  302 ,  909 ,  3 ,  13 ,  66 ,  5 ,  50 ,  202 ,  4 ,  259 ,"  4,690 ",  18 ,"  1,055 ","  12,726 ",  12 ,  151 ,"  1,146 ",  8 ,"  2,186 ","  23,412 ",  11 ,  231 ,"  1,162 ",  5 ,  71 ,  466 ,  7 ,  61 ,  344 ,  6 ,  474 ,"  1,254 ",  3 ,  302 ,  606 ,  2 ,  458 ,"  2,441 ",  5 ,  217 ,"  9,817 ",  45 ,  226 ,"  6,136 ",  27 ,"  2,041 ","  22,225 ",  11 ,  32 ,  206 ,  6 ,  26 ,  263 ,  10 ,  20 ,  76 ,  4 ,  114 ,"  1,163 ",  10 ,  148 ,  566 ,  4 ,  191 ,"  2,687 ",  14 ,  53 ,  727 ,  14 ,  36 ,  727 ,  20 ,  25 ,  328 ,  13 ,  70 ,"  1,330 ",  19 ,  80 ,  331 ,  4 ,  152 ,"  1,612 ",  11 ,  221 ,"  2,444 ",  11 ,"  1,169 ","  12,459 ",  11 ,  0 ,  1 ,  6 ,  5 ,  44 ,  9 ,  40 ,  96 ,  2 ,  75 ,  663 ,  9 ,  95 ,  672 ,  7 ,  64 ,  513 ,  8 ,  15 ,  107 ,  7 ,  34 ,  222 ,  7 ,  5 ,  44 ,  9 ,  18 ,  118 ,  7 ,  8 ,  76 ,  10 ,  359 ,"  2,557 ",  7 ,  32 ,  333 ,  11 ,  503 ,"  6,060 ",  12 ,  111 ,  667 ,  6 ,  151 ,"  1,414 ",  9 ,  14 ,  176 ,  12 ,  13 ,  53 ,  4 ,  121 ,  432 ,  4 ,  8 ,  76 ,  10 ,  50 ,  436 ,  9 ,  15 ,  68 ,  5 ,  24 ,"  2,472 ",  101 ,  94 ,  551 ,  6 ,"  1,135 ","  12,738 ",  11 ,  27 ,  30 ,  1 ,  63 ,  420 ,  7 ,  64 ,  97 ,  2 ,  79 ,  399 ,  5 ,  8 ,  40 ,  5 ,  176 ,"  1,071 ",  6 ,  14 ,  176 ,  12 ,  14 ,  88 ,  6 ,  77 ,  833 ,  11 ,  106 ,  586 ,  6 ,  629 ,"  3,740 ",  6 ,  41 ,  295 ,  7 ,  85 ,  864 ,  10 ,  65 ,  427 ,  7 ,  40 ,  106 ,  3 ,  204 ,"  1,640 ",  8 ,  65 ,  818 ,  13 ,  12 ,  42 ,  4 ,  849 ,"  13,716 ",  16 ,  158 ,"  3,171 ",  20 ,"  1,521 ","  21,079 ",  14 ,"  9,040 ","  98,210 ",  11 
23,Okra,  17 ,  233 ,  14 ,  91 ,"  1,011 ",  11 ,  4 ,  20 ,  5 ,  27 ,  206 ,  8 ,  -   ,  -   ,,  16 ,  129 ,  8 ,  23 ,  118 ,  5 ,  5 ,  27 ,  5 ,  281 ,"  1,414 ",  5 ,  4 ,  28 ,  7 ,  86 ,  869 ,  10 ,  580 ,"  8,474 ",  15 ,  302 ,"  3,333 ",  11 ,  704 ,"  8,484 ",  12 ,"  2,140 ","  24,347 ",  11 ,  407 ,"  4,909 ",  12 ,  161 ,"  1,778 ",  11 ,  605 ,"  5,075 ",  8 ,  452 ,"  5,075 ",  11 ,  251 ,"  1,010 ",  4 ,  49 ,  287 ,  6 ,  457 ,"  5,974 ",  13 ,  312 ,"  3,131 ",  10 ,"  2,694 ","  27,238 ",  10 ,  6 ,  45 ,  8 ,  40 ,  465 ,  12 ,  12 ,  83 ,  7 ,  12 ,  150 ,  12 ,  50 ,  303 ,  6 ,  151 ,"  2,273 ",  15 ,  -   ,  -   ,,  13 ,  263 ,  20 ,  15 ,  129 ,  9 ,  98 ,"  1,237 ",  13 ,  167 ,"  1,467 ",  9 ,  115 ,"  2,576 ",  22 ,  352 ,"  4,419 ",  13 ,"  1,031 ","  13,408 ",  13 ,  -   ,  -   ,,  -   ,  -   ,,  26 ,  236 ,  9 ,  70 ,  608 ,  9 ,  65 ,  558 ,  9 ,  93 ,"  1,220 ",  13 ,  21 ,  225 ,  11 ,  75 ,  657 ,  9 ,  16 ,  147 ,  9 ,  362 ,  422 ,  1 ,  95 ,"  1,247 ",  13 ,  826 ,"  5,321 ",  6 ,  47 ,  475 ,  10 ,  352 ,"  5,050 ",  14 ,  203 ,"  1,836 ",  9 ,  127 ,"  1,909 ",  15 ,  13 ,  154 ,  12 ,  4 ,  20 ,  5 ,  181 ,  366 ,  2 ,  95 ,"  1,247 ",  13 ,  15 ,  159 ,  11 ,  42 ,  297 ,  7 ,  65 ,  538 ,  8 ,  96 ,"  1,357 ",  14 ,"  1,241 ","  13,408 ",  11 ,  0 ,  0 ,  2 ,  2 ,"  1,656 ",  824 ,  -   ,  -   ,,  -   ,  -   ,,  3 ,  36 ,  12 ,  85 ,  606 ,  7 ,  13 ,  154 ,  12 ,  22 ,  123 ,  6 ,  68 ,  745 ,  11 ,  101 ,"  1,515 ",  15 ,  294 ,"  4,837 ",  16 ,  10 ,  101 ,  10 ,  10 ,  131 ,  13 ,  42 ,  382 ,  9 ,  16 ,  136 ,  8 ,  46 ,  558 ,  12 ,  40 ,  606 ,  15 ,  15 ,  152 ,  10 ,  638 ,"  6,767 ",  11 ,  121 ,"  1,212 ",  10 ,  939 ,"  10,044 ",  11 ,"  9,165 ","  98,604 ",  11 
24,Brinjal,  16 ,  219 ,  14 ,  21 ,  170 ,  8 ,  5 ,  35 ,  7 ,  28 ,  191 ,  7 ,  -   ,  -   ,,  20 ,  202 ,  10 ,  15 ,  155 ,  10 ,  20 ,  103 ,  5 ,  176 ,"  1,717 ",  10 ,  18 ,  173 ,  10 ,  42 ,  434 ,  10 ,  510 ,"  6,708 ",  13 ,  603 ,"  12,120 ",  20 ,  503 ,"  7,070 ",  14 ,"  1,976 ","  29,297 ",  15 ,  905 ,"  10,454 ",  12 ,  106 ,"  1,061 ",  10 ,  528 ,"  5,347 ",  10 ,  276 ,"  3,333 ",  12 ,  201 ,"  1,616 ",  8 ,  570 ,"  3,321 ",  6 ,  397 ,"  7,580 ",  19 ,  211 ,"  5,409 ",  26 ,"  3,194 ","  38,120 ",  12 ,  10 ,  76 ,  8 ,  45 ,  364 ,  8 ,  11 ,  115 ,  10 ,  18 ,  185 ,  11 ,  12 ,  73 ,  6 ,  171 ,"  2,747 ",  16 ,  69 ,"  1,360 ",  20 ,  15 ,  242 ,  16 ,  15 ,  209 ,  14 ,  43 ,  525 ,  12 ,  257 ,"  2,986 ",  12 ,  50 ,  909 ,  18 ,  136 ,"  1,636 ",  12 ,  853 ,"  11,428 ",  13 ,  -   ,  -   ,,  -   ,  -   ,,  30 ,  300 ,  10 ,  38 ,  365 ,  10 ,  42 ,  450 ,  11 ,  125 ,"  2,138 ",  17 ,  16 ,  193 ,  12 ,  75 ,  879 ,  12 ,  18 ,  202 ,  11 ,  32 ,  532 ,  17 ,  63 ,  833 ,  13 ,  440 ,"  5,891 ",  13 ,  26 ,  305 ,  12 ,  151 ,"  2,273 ",  15 ,  208 ,"  2,509 ",  12 ,  126 ,"  2,121 ",  17 ,  38 ,  504 ,  13 ,  14 ,  85 ,  6 ,  201 ,"  9,090 ",  45 ,  63 ,  833 ,  13 ,  35 ,  253 ,  7 ,  30 ,  136 ,  5 ,  8 ,  82 ,  10 ,  139 ,"  2,168 ",  16 ,"  1,038 ","  20,359 ",  20 ,  5 ,  40 ,  8 ,  20 ,  210 ,  10 ,  17 ,  199 ,  12 ,  4 ,  16 ,  4 ,  7 ,  283 ,  40 ,  101 ,"  1,151 ",  11 ,  38 ,  504 ,  13 ,  7 ,  46 ,  7 ,  77 ,  844 ,  11 ,  85 ,"  1,374 ",  16 ,  361 ,"  4,668 ",  13 ,  25 ,  265 ,  11 ,  18 ,  232 ,  13 ,  35 ,  495 ,  14 ,  35 ,  707 ,  20 ,  40 ,  606 ,  15 ,  25 ,  606 ,  24 ,  35 ,  212 ,  6 ,  452 ,"  11,817 ",  26 ,  15 ,  91 ,  6 ,  681 ,"  15,031 ",  22 ,"  8,544 ","  124,795 ",  15 
25,Onion,  15 ,  197 ,  13 ,  86 ,  955 ,  11 ,  20 ,  303 ,  15 ,  40 ,  522 ,  13 ,  102 ,"  1,465 ",  14 ,  25 ,  379 ,  15 ,  66 ,  946 ,  14 ,  40 ,  197 ,  5 ,  693 ,"  7,666 ",  11 ,  36 ,  265 ,  7 ,  95 ,  480 ,  5 ,  183 ,"  2,684 ",  15 ,  754 ,"  7,575 ",  10 ,  402 ,"  5,656 ",  14 ,"  2,559 ","  29,289 ",  11 ,"  5,427 ","  54,540 ",  10 ,  894 ,"  14,382 ",  16 ,  828 ,"  12,429 ",  15 ,  -   ,  -   ,,  302 ,"  2,626 ",  9 ,  459 ,"  2,677 ",  6 ,"  1,711 ","  25,785 ",  15 ,  171 ,  987 ,  6 ,"  9,791 ","  113,427 ",  12 ,  22 ,  176 ,  8 ,  141 ,  990 ,  7 ,  31 ,  308 ,  10 ,  43 ,  424 ,  10 ,  163 ,"  1,145 ",  7 ,  327 ,"  5,252 ",  16 ,  -   ,  -   ,,  94 ,"  1,333 ",  14 ,  30 ,  491 ,  16 ,  85 ,  978 ,  11 ,  172 ,"  1,793 ",  10 ,  56 ,  792 ,  14 ,  10 ,"  1,364 ",  136 ,"  1,175 ","  15,045 ",  13 ,  -   ,  -   ,,  7 ,  28 ,  4 ,  88 ,  889 ,  10 ,  134 ,"  1,214 ",  9 ,  119 ,"  1,406 ",  12 ,  61 ,  794 ,  13 ,  22 ,  635 ,  29 ,  60 ,  828 ,  14 ,  23 ,  348 ,  15 ,  150 ,"  1,896 ",  13 ,  80 ,  808 ,  10 ,  745 ,"  8,847 ",  12 ,  126 ,  472 ,  4 ,  414 ,"  6,565 ",  16 ,  548 ,"  6,605 ",  12 ,  452 ,"  5,454 ",  12 ,  86 ,"  1,063 ",  12 ,  10 ,  91 ,  9 ,  503 ,"  6,414 ",  13 ,  80 ,  808 ,  10 ,  43 ,  496 ,  11 ,  56 ,  424 ,  8 ,  41 ,  461 ,  11 ,  625 ,"  14,437 ",  23 ,"  2,984 ","  43,290 ",  15 ,  10 ,  61 ,  6 ,  32 ,  281 ,  9 ,  34 ,  282 ,  8 ,  45 ,  227 ,  5 ,  29 ,  394 ,  14 ,  181 ,"  1,636 ",  9 ,  86 ,"  1,063 ",  12 ,  82 ,  477 ,  6 ,  98 ,"  1,170 ",  12 ,  111 ,"  2,000 ",  18 ,  710 ,"  7,590 ",  11 ,  45 ,  432 ,  10 ,  141 ,"  2,262 ",  16 ,  71 ,"  1,004 ",  14 ,  44 ,  436 ,  10 ,  317 ,"  5,090 ",  16 ,  86 ,  960 ,  11 ,  28 ,  283 ,  10 ,"  1,045 ","  10,504 ",  10 ,  80 ,  566 ,  7 ,"  1,858 ","  21,536 ",  12 ,"  19,822 ","  239,024 ",  12 
26,Cucumber,  34 ,  501 ,  15 ,  34 ,  258 ,  8 ,  32 ,  485 ,  15 ,  78 ,  951 ,  12 ,  79 ,"  1,162 ",  15 ,  22 ,  556 ,  25 ,  74 ,  801 ,  11 ,  10 ,  92 ,  9 ,  261 ,"  3,939 ",  15 ,  17 ,  240 ,  14 ,  76 ,  915 ,  12 ,  197 ,"  3,464 ",  18 ,  251 ,"  6,313 ",  25 ,  528 ,"  6,893 ",  13 ,"  1,695 ","  26,568 ",  16 ,  251 ,"  5,050 ",  20 ,  30 ,  370 ,  12 ,  178 ,"  1,576 ",  9 ,  -   ,  -   ,,  201 ,"  2,020 ",  10 ,  356 ,"  2,074 ",  6 ,  471 ,"  9,947 ",  21 ,  78 ,  788 ,  10 ,"  1,566 ","  21,825 ",  14 ,  58 ,  945 ,  16 ,  171 ,  687 ,  4 ,  36 ,  362 ,  10 ,  47 ,  678 ,  14 ,  18 ,  109 ,  6 ,  312 ,"  7,201 ",  23 ,  175 ,"  3,556 ",  20 ,  121 ,"  3,384 ",  28 ,  213 ,"  4,974 ",  23 ,  131 ,"  2,367 ",  18 ,  438 ,"  6,407 ",  15 ,  72 ,"  1,018 ",  14 ,  459 ,"  6,693 ",  15 ,"  2,252 ","  38,382 ",  17 ,  1 ,  15 ,  11 ,  1 ,  11 ,  11 ,  32 ,  364 ,  11 ,  116 ,"  1,220 ",  11 ,  78 ,  685 ,  9 ,  121 ,"  1,942 ",  16 ,  23 ,  325 ,  14 ,  50 ,  788 ,  16 ,  66 ,  990 ,  15 ,  151 ,"  2,404 ",  16 ,  90 ,"  1,091 ",  12 ,  730 ,"  9,835 ",  13 ,  25 ,  303 ,  12 ,  490 ,"  8,585 ",  18 ,  106 ,"  1,251 ",  12 ,  129 ,"  2,222 ",  17 ,  27 ,  289 ,  11 ,  21 ,  129 ,  6 ,  111 ,"  2,879 ",  26 ,  90 ,"  1,091 ",  12 ,  52 ,  788 ,  15 ,  34 ,  481 ,  14 ,  73 ,  650 ,  9 ,  148 ,"  2,747 ",  19 ,"  1,307 ","  21,414 ",  16 ,  20 ,  121 ,  6 ,  25 ,  289 ,  11 ,  11 ,  117 ,  11 ,  5 ,  25 ,  5 ,  16 ,  566 ,  35 ,  126 ,"  1,641 ",  13 ,  27 ,  289 ,  11 ,  82 ,  810 ,  10 ,  192 ,"  2,494 ",  13 ,  211 ,"  3,394 ",  16 ,  716 ,"  9,745 ",  14 ,  60 ,  636 ,  11 ,  40 ,  646 ,  16 ,  74 ,"  1,121 ",  15 ,  47 ,"  1,661 ",  35 ,  45 ,  545 ,  12 ,  38 ,  843 ,  22 ,  79 ,  994 ,  13 ,  658 ,"  10,075 ",  15 ,  482 ,"  4,848 ",  10 ,"  1,526 ","  21,371 ",  14 ,"  9,791 ","  149,139 ",  15 
27,Pumpkin,  48 ,  606 ,  13 ,  74 ,  897 ,  12 ,  80 ,"  1,030 ",  13 ,  29 ,  341 ,  12 ,  67 ,"  1,015 ",  15 ,  75 ,"  1,515 ",  20 ,  52 ,  735 ,  14 ,  60 ,  485 ,  8 ,  603 ,"  9,090 ",  15 ,  20 ,  404 ,  20 ,  70 ,  883 ,  13 ,  269 ,"  4,872 ",  18 ,  121 ,"  2,424 ",  20 ,  136 ,"  2,020 ",  15 ,"  1,706 ","  26,317 ",  15 ,  352 ,"  4,419 ",  13 ,  45 ,  500 ,  11 ,  285 ,"  3,745 ",  13 ,  271 ,"  2,891 ",  11 ,  35 ,  424 ,  12 ,  344 ,"  5,527 ",  16 ,  56 ,"  1,018 ",  18 ,  34 ,  687 ,  20 ,"  1,423 ","  19,210 ",  13 ,  54 ,  491 ,  9 ,  171 ,  687 ,  4 ,  5 ,  18 ,  4 ,  69 ,  774 ,  11 ,  6 ,  42 ,  7 ,  362 ,"  6,908 ",  19 ,  261 ,"  4,748 ",  18 ,  72 ,"  1,454 ",  20 ,  106 ,"  1,973 ",  19 ,  211 ,"  2,737 ",  13 ,  98 ,"  1,507 ",  15 ,  11 ,  133 ,  12 ,  211 ,"  2,545 ",  12 ,"  1,637 ","  24,018 ",  15 ,  5 ,  62 ,  12 ,  -   ,  -   ,,  26 ,  280 ,  11 ,  68 ,  848 ,  12 ,  124 ,"  1,516 ",  12 ,  141 ,"  2,832 ",  20 ,  17 ,  235 ,  14 ,  45 ,  808 ,  18 ,  27 ,  475 ,  17 ,  59 ,"  1,008 ",  17 ,  121 ,"  1,333 ",  11 ,  633 ,"  9,396 ",  15 ,  87 ,"  1,307 ",  15 ,  30 ,  808 ,  27 ,  163 ,"  1,963 ",  12 ,  131 ,"  2,273 ",  17 ,  23 ,  212 ,  9 ,  19 ,  134 ,  7 ,  48 ,"  1,007 ",  21 ,  121 ,"  1,333 ",  11 ,  133 ,"  2,000 ",  15 ,  29 ,  317 ,  11 ,  25 ,  309 ,  12 ,  82 ,"  1,408 ",  17 ,  890 ,"  13,071 ",  15 ,  30 ,  303 ,  10 ,  25 ,  404 ,  16 ,  3 ,  29 ,  10 ,  7 ,  35 ,  5 ,  7 ,  318 ,  45 ,  121 ,"  1,454 ",  12 ,  23 ,  212 ,  9 ,  65 ,  692 ,  11 ,  116 ,"  1,278 ",  11 ,  80 ,"  1,247 ",  16 ,  477 ,"  5,973 ",  13 ,  45 ,  682 ,  15 ,  30 ,  455 ,  15 ,  40 ,  465 ,  12 ,  12 ,  374 ,  31 ,  20 ,  202 ,  10 ,  45 ,  864 ,  19 ,  18 ,  255 ,  14 ,  410 ,"  6,717 ",  16 ,  302 ,"  4,949 ",  16 ,  923 ,"  14,960 ",  16 ,"  7,690 ","  112,946 ",  15 
28,Squash,  5 ,  61 ,  12 ,  20 ,  121 ,  6 ,  2 ,  34 ,  17 ,  11 ,  129 ,  12 ,  -   ,  -   ,,  9 ,  182 ,  20 ,  3 ,  39 ,  13 ,  3 ,  8 ,  3 ,  75 ,  909 ,  12 ,  1 ,  12 ,  12 ,  20 ,  202 ,  10 ,  15 ,  172 ,  11 ,  101 ,"  1,010 ",  10 ,  20 ,  253 ,  13 ,  285 ,"  3,132 ",  11 ,  -   ,  -   ,,  -   ,  -   ,,  2 ,  20 ,  10 ,  -   ,  -   ,,  10 ,  51 ,  5 ,  23 ,  372 ,  16 ,  7 ,  106 ,  15 ,  -   ,  -   ,,  42 ,  549 ,  13 ,  3 ,  55 ,  18 ,  3 ,  45 ,  15 ,  5 ,  57 ,  11 ,  14 ,  157 ,  11 ,  -   ,  -   ,  -   ,  211 ,"  3,818 ",  18 ,  -   ,  -   ,,  10 ,  202 ,  20 ,  10 ,  152 ,  15 ,  60 ,  595 ,  10 ,  84 ,  974 ,  12 ,  7 ,  57 ,  8 ,  156 ,"  1,879 ",  12 ,  563 ,"  7,989 ",  14 ,  3 ,  55 ,  17 ,  1 ,  22 ,  22 ,  4 ,  45 ,  11 ,  23 ,  182 ,  8 ,  19 ,  215 ,  11 ,  31 ,"  4,621 ",  151 ,  13 ,  138 ,  11 ,  8 ,  71 ,  9 ,  6 ,  73 ,  12 ,  15 ,  174 ,  12 ,  3 ,  23 ,  9 ,  125 ,"  5,618 ",  45 ,  4 ,  32 ,  8 ,  10 ,  202 ,  20 ,  11 ,  106 ,  10 ,  25 ,  505 ,  20 ,  78 ,  967 ,  12 ,  3 ,  11 ,  4 ,  12 ,  247 ,  21 ,  3 ,  23 ,  9 ,  9 ,  99 ,  11 ,  12 ,  97 ,  8 ,  14 ,  126 ,  9 ,  -   ,  -   ,  -   ,  181 ,"  2,415 ",  13 ,  5 ,  51 ,  10 ,  3 ,  33 ,  11 ,  3 ,  9 ,  3 ,  2 ,  8 ,  4 ,  9 ,  364 ,  40 ,  55 ,  556 ,  10 ,  78 ,  967 ,  12 ,  32 ,  711 ,  22 ,  -   ,  -   ,,  75 ,"  1,141 ",  15 ,  263 ,"  3,840 ",  15 ,  5 ,  61 ,  12 ,  5 ,  45 ,  9 ,  5 ,  91 ,  18 ,  13 ,  237 ,  18 ,  2 ,  28 ,  14 ,  5 ,  76 ,  15 ,  11 ,  106 ,  10 ,  26 ,  368 ,  14 ,  40 ,  364 ,  9 ,  113 ,"  1,375 ",  12 ,"  1,573 ","  24,917 ",  16 
29,Bitter Gourd,  14 ,  182 ,  13 ,  27 ,  164 ,  6 ,  12 ,  109 ,  9 ,  26 ,  376 ,  14 ,  41 ,  419 ,  10 ,  11 ,  156 ,  14 ,  15 ,  63 ,  4 ,  8 ,  22 ,  3 ,  457 ,"  4,596 ",  10 ,  9 ,  47 ,  5 ,  50 ,  505 ,  10 ,  249 ,"  4,258 ",  17 ,  390 ,"  3,919 ",  10 ,  462 ,"  5,111 ",  11 ,"  1,773 ","  19,925 ",  11 ,  228 ,"  2,522 ",  11 ,"  1,055 ","  10,711 ",  10 ,  136 ,"  1,191 ",  9 ,  503 ,"  5,909 ",  12 ,  95 ,  576 ,  6 ,  314 ,"  1,576 ",  5 ,  492 ,"  10,393 ",  21 ,  367 ,"  8,848 ",  24 ,"  3,190 ","  41,725 ",  13 ,  23 ,  348 ,  15 ,  63 ,  700 ,  11 ,  30 ,  227 ,  8 ,  30 ,  341 ,  12 ,  11 ,  64 ,  6 ,  205 ,"  4,751 ",  23 ,  79 ,"  1,001 ",  13 ,  85 ,"  1,566 ",  18 ,  25 ,  667 ,  27 ,  65 ,  644 ,  10 ,  279 ,"  3,355 ",  12 ,  83 ,  921 ,  11 ,  437 ,"  6,151 ",  14 ,"  1,417 ","  20,736 ",  15 ,  -   ,  -   ,,  -   ,  -   ,,  112 ,"  1,345 ",  12 ,  111 ,  955 ,  9 ,  95 ,  960 ,  10 ,  116 ,"  1,742 ",  15 ,  26 ,  279 ,  11 ,  70 ,  717 ,  10 ,  38 ,  460 ,  12 ,  177 ,"  2,670 ",  15 ,  101 ,"  1,212 ",  12 ,  845 ,"  10,340 ",  12 ,  23 ,  228 ,  10 ,  362 ,"  7,070 ",  20 ,  121 ,"  1,091 ",  9 ,  404 ,"  8,080 ",  20 ,  21 ,  218 ,  10 ,  17 ,  103 ,  6 ,  80 ,"  1,475 ",  18 ,  101 ,"  1,212 ",  12 ,  23 ,  234 ,  10 ,  26 ,  158 ,  6 ,  24 ,  301 ,  12 ,  182 ,"  2,961 ",  16 ,"  1,384 ","  23,131 ",  17 ,  -   ,  -   ,,  16 ,  103 ,  6 ,  -   ,  -   ,,  10 ,  40 ,  4 ,  1 ,  14 ,  14 ,  101 ,"  1,111 ",  11 ,  21 ,  218 ,  10 ,  47 ,  376 ,  8 ,  66 ,  621 ,  9 ,  109 ,"  1,636 ",  15 ,  370 ,"  4,120 ",  11 ,  15 ,  121 ,  8 ,  5 ,  35 ,  7 ,  36 ,  424 ,  12 ,  5 ,  22 ,  5 ,  31 ,  308 ,  10 ,  20 ,  141 ,  7 ,  14 ,  141 ,  10 ,  327 ,"  3,939 ",  12 ,  231 ,"  3,485 ",  15 ,  683 ,"  8,617 ",  13 ,"  9,663 ","  128,595 ",  13 
30,Pointed Gourd,  -   ,  -   ,,  -   ,  -   ,,  -   ,  -   ,,  -   ,  -   ,,  -   ,  -   ,,  -   ,  -   ,,  -   ,  -   ,,  -   ,  -   ,,  -   ,  -   ,,  -   ,  -   ,,  20 ,  202 ,  10 ,  21 ,  318 ,  15 ,  302 ,"  2,424 ",  8 ,  402 ,"  6,060 ",  15 ,  745 ,"  9,004 ",  12 ,  126 ,"  1,515 ",  12 ,  26 ,  210 ,  8 ,  271 ,"  2,045 ",  8 ,  116 ,"  1,533 ",  13 ,  251 ,"  2,020 ",  8 ,  347 ,"  1,742 ",  5 ,  75 ,"  1,136 ",  15 ,  44 ,  533 ,  12 ,"  1,256 ","  10,735 ",  9 ,  -   ,  -   ,,  -   ,  -   ,,  -   ,  -   ,,  1 ,  1 ,  1 ,  -   ,  -   ,,  -   ,  -   ,#DIV/0!,  -   ,  -   ,,  -   ,  -   ,,  -   ,  -   ,,  -   ,  -   ,,  -   ,  -   ,,  -   ,  -   ,,  -   ,  -   ,,  1 ,  1 ,  1 ,  -   ,  -   ,,  -   ,  -   ,,  -   ,  -   ,,  -   ,  -   ,,  -   ,  -   ,,  -   ,  -   ,,  -   ,  -   ,,  -   ,  -   ,,  -   ,  -   ,,  -   ,  -   ,,  5 ,  40 ,  8 ,  5 ,  40 ,  8 ,  -   ,  -   ,,  10 ,  101 ,  10 ,  6 ,  21 ,  4 ,  101 ,"  1,818 ",  18 ,  -   ,  -   ,,  -   ,  -   ,,  35 ,  232 ,  7 ,  5 ,  40 ,  8 ,  -   ,  -   ,,  -   ,  -   ,,  -   ,  -   ,,  28 ,  297 ,  11 ,  185 ,"  2,510 ",  14 ,  -   ,  -   ,,  -   ,  -   ,,  -   ,  -   ,,  -   ,  -   ,,  -   ,  -   ,,  -   ,  -   ,,  -   ,  -   ,,  -   ,  -   ,,  -   ,  -   ,,  -   ,  -   ,#DIV/0!,  -   ,  -   ,,  -   ,  -   ,,  -   ,  -   ,,  -   ,  -   ,,  12 ,  139 ,  12 ,  -   ,  -   ,,  -   ,  -   ,,  -   ,  -   ,,  10 ,  144 ,  15 ,  5 ,  38 ,  8 ,  27 ,  321 ,  12 ,"  2,219 ","  22,612 ",  10 
31,Sponge Gourd,  8 ,  87 ,  12 ,  15 ,  113 ,  8 ,  5 ,  45 ,  9 ,  21 ,  279 ,  13 ,  11 ,  200 ,  18 ,  4 ,  97 ,  24 ,  18 ,  106 ,  6 ,  13 ,  103 ,  8 ,  52 ,  263 ,,  -   ,  -   ,,  23 ,  221 ,  10 ,  134 ,"  1,612 ",  12 ,  276 ,"  2,778 ",  10 ,  211 ,"  2,757 ",  13 ,  791 ,"  8,660 ",  11 ,  377 ,"  4,924 ",  13 ,  30 ,  273 ,  9 ,  151 ,"  1,633 ",  11 ,  548 ,"  6,551 ",  12 ,  503 ,"  6,060 ",  12 ,  434 ,"  3,491 ",  8 ,  427 ,"  7,727 ",  18 ,  412 ,"  7,454 ",  18 ,"  2,881 ","  38,111 ",  13 ,  5 ,  76 ,  15 ,  131 ,"  1,313 ",  10 ,  12 ,  101 ,  8 ,  26 ,  199 ,  8 ,  6 ,  36 ,  6 ,  90 ,"  1,909 ",  21 ,  86 ,"  1,413 ",  16 ,  22 ,  364 ,  16 ,  30 ,  636 ,  21 ,  73 ,  886 ,  12 ,  226 ,"  2,920 ",  13 ,  45 ,  859 ,  19 ,  493 ,"  6,943 ",  14 ,"  1,247 ","  17,654 ",  14 ,  -   ,  -   ,,  -   ,  -   ,,  111 ,"  1,111 ",  10 ,  151 ,"  1,348 ",  9 ,  141 ,"  1,555 ",  11 ,  378 ,"  6,076 ",  16 ,  33 ,  389 ,  12 ,  60 ,  778 ,  13 ,  27 ,  328 ,  12 ,  137 ,"  1,964 ",  14 ,  108 ,  977 ,  9 ,"  1,145 ","  14,527 ",  13 ,  7 ,  99 ,  14 ,  20 ,  404 ,  20 ,  111 ,"  1,222 ",  11 ,  206 ,"  4,040 ",  20 ,  10 ,  212 ,  22 ,  15 ,  91 ,  6 ,  53 ,  328 ,  6 ,  108 ,  977 ,  9 ,  5 ,  56 ,  11 ,  17 ,  86 ,  5 ,  9 ,  93 ,  10 ,  121 ,"  1,951 ",  16 ,  681 ,"  9,559 ",  14 ,  1 ,  15 ,  30 ,  6 ,  57 ,  10 ,  -   ,  -   ,,  -   ,  -   ,,  3 ,  27 ,  9 ,  15 ,  136 ,  9 ,  10 ,  212 ,  22 ,  7 ,  64 ,  9 ,  23 ,  253 ,  11 ,  53 ,  737 ,  14 ,  117 ,"  1,501 ",  13 ,  5 ,  43 ,  9 ,  4 ,  36 ,  9 ,  15 ,  136 ,  9 ,  7 ,  148 ,  21 ,  12 ,  121 ,  10 ,  12 ,  121 ,  10 ,  7 ,  35 ,  5 ,  236 ,"  3,598 ",  15 ,  174 ,"  2,271 ",  13 ,  472 ,"  6,511 ",  14 ,"  7,336 ","  96,525 ",  13 
32,Ridge Gourd,  2 ,  23 ,  12 ,  10 ,  91 ,  9 ,  -   ,  -   ,,  -   ,  -   ,,  -   ,  -   ,,  -   ,  -   ,,  -   ,  -   ,,  3 ,  21 ,  7 ,  25 ,  35 ,  1 ,  -   ,  -   ,,  2 ,  12 ,  6 ,  -   ,  -   ,,  10 ,  51 ,  5 ,  20 ,  182 ,  9 ,  72 ,  415 ,  6 ,  101 ,  808 ,  8 ,  10 ,  81 ,  8 ,  21 ,  134 ,  6 ,  -   ,  -   ,,  101 ,  808 ,  8 ,  235 ,"  1,891 ",  8 ,  126 ,"  2,071 ",  16 ,  54 ,  818 ,  15 ,  647 ,"  6,610 ",  10 ,  -   ,  -   ,,  1 ,  5 ,  5 ,  -   ,  -   ,,  -   ,  -   ,,  -   ,  -   ,,  5 ,  101 ,  20 ,  -   ,  -   ,,  5 ,  106 ,  21 ,  15 ,  318 ,  21 ,  3 ,  39 ,  13 ,  -   ,  -   ,,  -   ,  -   ,,  75 ,  947 ,  13 ,  105 ,"  1,517 ",  15 ,  -   ,  -   ,,  -   ,  -   ,,  1 ,  10 ,  10 ,  5 ,  20 ,  4 ,  1 ,  7 ,  7 ,  -   ,  -   ,,  1 ,  8 ,  8 ,  -   ,  -   ,,  -   ,  -   ,,  -   ,  -   ,,  2 ,  11 ,  7 ,  10 ,  56 ,  6 ,  3 ,  42 ,  14 ,  5 ,  101 ,  20 ,  11 ,  67 ,  6 ,  101 ,"  1,818 ",  18 ,  -   ,  -   ,,  2 ,  10 ,  5 ,  52 ,  333 ,  6 ,  2 ,  11 ,  7 ,  -   ,  -   ,,  3 ,  22 ,  7 ,  -   ,  -   ,,  -   ,  -   ,,  178 ,"  2,404 ",  13 ,  -   ,  -   ,,  -   ,  -   ,,  -   ,  -   ,,  -   ,  -   ,,  -   ,  -   ,,  3 ,  25 ,  8 ,  -   ,  -   ,,  -   ,  -   ,,  -   ,  -   ,,  -   ,  -   ,,  3 ,  25 ,  8 ,  -   ,  -   ,,  -   ,  -   ,,  10 ,  91 ,  9 ,  1 ,  14 ,  14 ,  5 ,  101 ,  20 ,  16 ,  145 ,  9 ,  -   ,  -   ,,  48 ,  720 ,  15 ,  50 ,  404 ,  8 ,  130 ,"  1,475 ",  11 ,"  1,145 ","  12,502 ",  11 
33,Snake Gourd,  1 ,  11 ,  11 ,  1 ,  3 ,  4 ,  2 ,  18 ,  9 ,  -   ,  -   ,,  -   ,  -   ,,  -   ,  -   ,,  -   ,  -   ,,  4 ,  20 ,  5 ,  5 ,  20 ,  4 ,  5 ,  36 ,  7 ,  3 ,  22 ,  7 ,  -   ,  -   ,,  5 ,  10 ,  2 ,  5 ,  35 ,  7 ,  31 ,  177 ,  6 ,  15 ,  182 ,  12 ,  -   ,  -   ,,  2 ,  21 ,  10 ,  -   ,  -   ,,  10 ,  101 ,  10 ,  -   ,  -   ,,  -   ,  -   ,,  -   ,  -   ,,  27 ,  304 ,  11 ,  -   ,  -   ,,  13 ,  92 ,  7 ,  -   ,  -   ,,  3 ,  9 ,  3 ,  5 ,  30 ,  6 ,  55 ,"  1,278 ",  23 ,  19 ,  295 ,  15 ,  5 ,  101 ,  20 ,  2 ,  40 ,  20 ,  7 ,  83 ,  12 ,  79 ,  770 ,  10 ,  4 ,  23 ,  6 ,  77 ,  871 ,  11 ,  271 ,"  3,592 ",  13 ,  -   ,  -   ,,  -   ,  -   ,,  20 ,  182 ,  9 ,  15 ,  117 ,  8 ,  20 ,  178 ,  9 ,  116 ,"  1,394 ",  12 ,  7 ,  77 ,  11 ,  15 ,  141 ,  9 ,  9 ,  86 ,  9 ,  25 ,  298 ,  12 ,  0 ,  2 ,  6 ,  227 ,"  2,474 ",  11 ,  4 ,  46 ,  13 ,  10 ,  121 ,  12 ,  191 ,"  2,078 ",  11 ,  106 ,"  1,818 ",  17 ,  12 ,  140 ,  12 ,  5 ,  25 ,  5 ,  8 ,  56 ,  7 ,  0 ,  2 ,  6 ,  5 ,  37 ,  7 ,  32 ,  178 ,  6 ,  10 ,  81 ,  8 ,  -   ,  -   ,,  382 ,"  4,581 ",  12 ,  -   ,  -   ,,  12 ,  97 ,  8 ,  -   ,  -   ,,  -   ,  -   ,,  1 ,  30 ,  30 ,  40 ,  404 ,  10 ,  12 ,  140 ,  12 ,  18 ,  173 ,  10 ,  77 ,  844 ,  11 ,  30 ,  303 ,  10 ,  190 ,"  1,992 ",  10 ,  2 ,  15 ,  8 ,  10 ,  86 ,  9 ,  10 ,  71 ,  7 ,  11 ,  278 ,  25 ,  5 ,  26 ,  5 ,  10 ,  76 ,  8 ,  6 ,  30 ,  5 ,  226 ,"  3,598 ",  16 ,  60 ,  909 ,  15 ,  341 ,"  5,089 ",  15 ,"  1,469 ","  18,208 ",  12 
34,Bottle Gourd,  7 ,  79 ,  12 ,  24 ,  170 ,  7 ,  2 ,  30 ,  15 ,  19 ,  319 ,  17 ,  11 ,  200 ,  18 ,  2 ,  51 ,  25 ,  12 ,  101 ,  8 ,  14 ,  136 ,  10 ,  53 ,  535 ,  10 ,  3 ,  38 ,  13 ,  24 ,  364 ,  15 ,  207 ,"  4,161 ",,  151 ,"  2,273 ",  15 ,  347 ,"  5,227 ",  15 ,  876 ,"  13,682 ",  16 ,  809 ,"  11,383 ",  14 ,  60 ,  606 ,  10 ,  711 ,"  10,237 ",  14 ,  429 ,"  3,666 ",  9 ,  955 ,"  14,393 ",  15 ,  458 ,"  5,527 ",  12 ,  428 ,"  9,029 ",  21 ,  181 ,"  2,727 ",  15 ,"  4,031 ","  57,567 ",  14 ,  3 ,  61 ,  20 ,  17 ,  189 ,  11 ,  5 ,  25 ,  5 ,  31 ,  402 ,  13 ,  20 ,  141 ,  7 ,  65 ,"  1,394 ",  21 ,  20 ,  241 ,  12 ,  13 ,  192 ,  15 ,  25 ,  348 ,  14 ,  13 ,  187 ,  14 ,  352 ,"  6,133 ",  17 ,  58 ,  980 ,  17 ,  377 ,"  5,492 ",  15 ,  999 ,"  15,786 ",  16 ,  -   ,  -   ,,  -   ,  -   ,,  20 ,  182 ,  9 ,  10 ,  90 ,  9 ,  92 ,  976 ,  11 ,  116 ,"  1,394 ",  12 ,  26 ,  465 ,  18 ,  24 ,  404 ,  17 ,  13 ,  227 ,  17 ,  75 ,"  1,184 ",  16 ,  68 ,  750 ,  11 ,  444 ,"  5,672 ",  13 ,  9 ,  143 ,  16 ,  92 ,"  2,020 ",  22 ,  191 ,"  2,303 ",  12 ,  201 ,"  4,747 ",  24 ,  5 ,  64 ,  13 ,  7 ,  42 ,  6 ,  60 ,"  1,505 ",  25 ,  68 ,  750 ,  11 ,  7 ,  95 ,  13 ,  12 ,  94 ,  8 ,  20 ,  204 ,  10 ,  120 ,"  1,983 ",  17 ,  792 ,"  13,951 ",  18 ,  0 ,  0 ,  2 ,  14 ,  220 ,  16 ,  -   ,  -   ,,  -   ,  -   ,,  3 ,  121 ,  40 ,  50 ,  455 ,  9 ,  5 ,  64 ,  13 ,  21 ,  214 ,  10 ,  27 ,  261 ,  10 ,  111 ,"  1,667 ",  15 ,  231 ,"  3,001 ",  13 ,  50 ,  581 ,  12 ,  4 ,  39 ,  10 ,  38 ,  441 ,  12 ,  15 ,  379 ,  25 ,  4 ,  67 ,  17 ,  22 ,  227 ,  10 ,  17 ,  155 ,  9 ,  412 ,"  6,242 ",  15 ,  457 ,"  5,515 ",  12 ,"  1,020 ","  13,645 ",  13 ,"  8,394 ","  123,305 ",  15 
35,Ash Gourd,  2 ,  23 ,  12 ,  -   ,  -   ,,  -   ,  -   ,,  -   ,  -   ,,  -   ,  -   ,,  -   ,  -   ,,  -   ,  -   ,,  5 ,  26 ,  5 ,  -   ,  -   ,,  -   ,  -   ,,  3 ,  36 ,  12 ,  -   ,  -   ,,  2 ,  5 ,  3 ,  10 ,  162 ,  16 ,  22 ,  253 ,  11 ,  302 ,"  3,030 ",  10 ,  3 ,  30 ,  10 ,  10 ,  118 ,  12 ,  -   ,  -   ,,  10 ,  101 ,  10 ,  20 ,  121 ,  6 ,  8 ,  90 ,  11 ,  6 ,  145 ,  24 ,  359 ,"  3,636 ",  10 ,  1 ,  15 ,  15 ,  10 ,  101 ,  10 ,  -   ,  -   ,,  1 ,  3 ,  3 ,  -   ,  -   ,,  5 ,  101 ,  20 ,  -   ,  -   ,,  -   ,  -   ,,  2 ,  24 ,  12 ,  2 ,  24 ,  12 ,  352 ,"  6,116 ",  17 ,  -   ,  -   ,,  -   ,  -   ,,  373 ,"  6,384 ",  17 ,  -   ,  -   ,,  -   ,  -   ,,  1 ,  15 ,  15 ,  5 ,  41 ,  8 ,  4 ,  20 ,  5 ,  125 ,"  2,129 ",  17 ,  3 ,  28 ,  9 ,  -   ,  -   ,,  2 ,  25 ,  13 ,  -   ,  -   ,,  3 ,  18 ,  7 ,  142 ,"  2,277 ",  16 ,  -   ,  -   ,#DIV/0!,  -   ,  -   ,,  12 ,  121 ,  10 ,  -   ,  -   ,,  -   ,  -   ,,  1 ,  6 ,  6 ,  20 ,  389 ,  19 ,  3 ,  18 ,  7 ,  -   ,  -   ,,  2 ,  9 ,  6 ,  1 ,  11 ,  11 ,  -   ,  -   ,,  38 ,  554 ,  15 ,  0 ,  0 ,  2 ,  -   ,  -   ,,  -   ,  -   ,,  -   ,  -   ,,  -   ,  -   ,,  10 ,  131 ,  13 ,  -   ,  -   ,,  5 ,  30 ,  6 ,  -   ,  -   ,,  1 ,  7 ,  7 ,  16 ,  169 ,  10 ,  1 ,  7 ,  7 ,  5 ,  45 ,  9 ,  5 ,  61 ,  12 ,  3 ,  76 ,  25 ,  2 ,  91 ,  45 ,  3 ,  24 ,  8 ,  -   ,  -   ,,  20 ,  288 ,  14 ,  5 ,  61 ,  12 ,  44 ,  652 ,  15 ,  995 ,"  13,925 ",  14 
36,Balsam Gourd,  -   ,  -   ,,  14 ,  99 ,  7 ,  10 ,  91 ,  9 ,  -   ,  -   ,,  -   ,  -   ,,  -   ,  -   ,,  10 ,  6 ,  1 ,  -   ,  -   ,,  10 ,  25 ,  3 ,  5 ,  16 ,  3 ,  2 ,  10 ,  5 ,  -   ,  -   ,,  -   ,  -   ,,  25 ,  303 ,  12 ,  76 ,  550 ,  7 ,  10 ,  101 ,  10 ,  -   ,  -   ,,  -   ,  -   ,,  -   ,  -   ,,  -   ,  -   ,,  -   ,  -   ,,  -   ,  -   ,,  -   ,  -   ,,  10 ,  101 ,  10 ,  14 ,  64 ,  5 ,  15 ,  136 ,  9 ,  -   ,  -   ,,  2 ,  18 ,  8 ,  10 ,  30 ,  3 ,  10 ,  152 ,  15 ,  -   ,  -   ,,  1 ,  14 ,  14 ,  -   ,  -   ,,  1 ,  10 ,  10 ,  10 ,  63 ,  6 ,  32 ,  324 ,  10 ,  -   ,  -   ,,  96 ,  811 ,  8 ,  -   ,  -   ,,  -   ,  -   ,,  -   ,  -   ,,  12 ,  102 ,  8 ,  -   ,  -   ,,  6 ,  72 ,  13 ,  3 ,  29 ,  12 ,  -   ,  -   ,,  2 ,  20 ,  10 ,  6 ,  74 ,  12 ,  2 ,  9 ,  6 ,  30 ,  306 ,  10 ,  3 ,  30 ,  10 ,  -   ,  -   ,,  -   ,  -   ,#DIV/0!,  -   ,  -   ,,  3 ,  39 ,  13 ,  1 ,  6 ,  6 ,  2 ,  5 ,  3 ,  2 ,  9 ,  6 ,  -   ,  -   ,,  6 ,  33 ,  6 ,  -   ,  -   ,,  -   ,  -   ,,  17 ,  123 ,  7 ,  -   ,  -   ,,  2 ,  7 ,  3 ,  -   ,  -   ,,  -   ,  -   ,,  -   ,  -   ,,  26 ,  303 ,  12 ,  3 ,  39 ,  13 ,  12 ,  85 ,  7 ,  15 ,  167 ,  11 ,  4 ,  13 ,  3 ,  62 ,  613 ,  10 ,  1 ,  6 ,  12 ,  10 ,  91 ,  9 ,  7 ,  78 ,  11 ,  3 ,  11 ,  4 ,  2 ,  4 ,  2 ,  7 ,  35 ,  5 ,  3 ,  24 ,  8 ,  22 ,  288 ,  13 ,  -   ,  -   ,,  55 ,  537 ,  10 ,  346 ,"  3,042 ",  9 
37,Kakari,  -   ,  -   ,,  -   ,  -   ,,  -   ,  -   ,,  -   ,  -   ,,  -   ,  -   ,,  -   ,  -   ,,  -   ,  -   ,,  -   ,  -   ,,  -   ,  -   ,,  -   ,  -   ,,  -   ,  -   ,,  -   ,  -   ,,  -   ,  -   ,,  -   ,  -   ,,  -   ,  -   ,,  3 ,  15 ,  6 ,  3 ,  21 ,  7 ,  15 ,  68 ,  5 ,  -   ,  -   ,,  -   ,  -   ,,  50 ,  606 ,  12 ,  4 ,  57 ,  14 ,  11 ,  167 ,  15 ,  86 ,  934 ,  11 ,  -   ,  -   ,,  -   ,  -   ,,  -   ,  -   ,,  2 ,  3 ,  2 ,  -   ,  -   ,,  -   ,  -   ,#DIV/0!,  -   ,  -   ,,  -   ,  -   ,,  -   ,  -   ,,  -   ,  -   ,,  10 ,  63 ,  6 ,  -   ,  -   ,,  -   ,  -   ,,  12 ,  66 ,  5 ,  -   ,  -   ,,  -   ,  -   ,,  -   ,  -   ,,  -   ,  -   ,,  -   ,  -   ,,  -   ,  -   ,,  -   ,  -   ,,  -   ,  -   ,,  -   ,  -   ,,  -   ,  -   ,,  1 ,  10 ,  10 ,  1 ,  10 ,  10 ,  -   ,  -   ,,  -   ,  -   ,,  5 ,  51 ,  10 ,  -   ,  -   ,,  -   ,  -   ,,  -   ,  -   ,,  10 ,  167 ,  17 ,  1 ,  10 ,  10 ,  -   ,  -   ,,  -   ,  -   ,,  -   ,  -   ,,  -   ,  -   ,,  16 ,  227 ,  14 ,  -   ,  -   ,,  -   ,  -   ,,  -   ,  -   ,,  -   ,  -   ,,  -   ,  -   ,,  -   ,  -   ,,  -   ,  -   ,,  -   ,  -   ,,  -   ,  -   ,,  -   ,  -   ,,  -   ,  -   ,,  -   ,  -   ,,  -   ,  -   ,,  5 ,  56 ,  11 ,  -   ,  -   ,,  -   ,  -   ,,  -   ,  -   ,,  -   ,  -   ,,  5 ,  61 ,  12 ,  226 ,"  3,409 ",  15 ,  236 ,"  3,525 ",  15 ,  351 ,"  4,762 ",  14 
38,Kundru,  -   ,  -   ,,  -   ,  -   ,,  -   ,  -   ,,  -   ,  -   ,,  -   ,  -   ,,  -   ,  -   ,,  -   ,  -   ,,  -   ,  -   ,,  -   ,  -   ,,  -   ,  -   ,,  1 ,  4 ,  4 ,  -   ,  -   ,,  -   ,  -   ,,  -   ,  -   ,,  1 ,  4 ,  4 ,  -   ,  -   ,,  -   ,  -   ,,  -   ,  -   ,,  -   ,  -   ,,  -   ,  -   ,,  -   ,  -   ,,  -   ,  -   ,,  13 ,  158 ,  12 ,  13 ,  158 ,  12 ,  -   ,  -   ,,  -   ,  -   ,,  -   ,  -   ,,  -   ,  -   ,,  -   ,  -   ,,  -   ,  -   ,#DIV/0!,  -   ,  -   ,,  -   ,  -   ,,  -   ,  -   ,,  -   ,  -   ,,  -   ,  -   ,,  -   ,  -   ,,  -   ,  -   ,,  -   ,  -   ,,  -   ,  -   ,,  -   ,  -   ,,  -   ,  -   ,,  -   ,  -   ,,  -   ,  -   ,,  -   ,  -   ,,  -   ,  -   ,,  -   ,  -   ,,  -   ,  -   ,,  -   ,  -   ,,  3 ,  20 ,  8 ,  3 ,  20 ,  8 ,  -   ,  -   ,,  -   ,  -   ,,  8 ,  71 ,  9 ,  5 ,  51 ,  10 ,  -   ,  -   ,,  -   ,  -   ,,  30 ,  212 ,  7 ,  3 ,  20 ,  8 ,  -   ,  -   ,,  -   ,  -   ,,  -   ,  -   ,,  18 ,  238 ,  13 ,  64 ,  592 ,  9 ,  -   ,  -   ,,  -   ,  -   ,,  -   ,  -   ,,  -   ,  -   ,,  -   ,  -   ,,  -   ,  -   ,,  -   ,  -   ,,  -   ,  -   ,,  -   ,  -   ,,  -   ,  -   ,,  -   ,  -   ,,  -   ,  -   ,,  -   ,  -   ,,  -   ,  -   ,,  -   ,  -   ,,  -   ,  -   ,,  -   ,  -   ,,  -   ,  -   ,,  5 ,  60 ,  12 ,  5 ,  30 ,  6 ,  10 ,  90 ,  9 ,  90 ,  863 ,  10 
39,Chayote,  19 ,  239 ,  13 ,  30 ,  212 ,  7 ,  45 ,"  1,136 ",  25 ,  70 ,"  1,093 ",  16 ,  169 ,"  3,634 ",  22 ,  82 ,"  1,325 ",  16 ,  122 ,"  1,308 ",  11 ,  109 ,"  1,111 ",  10 ,  503 ,"  10,100 ",  20 ,  188 ,"  3,409 ",  18 ,  15 ,  182 ,  12 ,  -   ,  -   ,,  40 ,  808 ,  20 ,  15 ,  227 ,  15 ,"  1,408 ","  24,785 ",  18 ,  -   ,  -   ,,  -   ,  -   ,,  -   ,  -   ,,  -   ,  -   ,,  -   ,  -   ,,  -   ,  -   ,,  -   ,  -   ,,  -   ,  -   ,,  -   ,  -   ,,  65 ,  985 ,  15 ,  38 ,  461 ,  12 ,  5 ,  57 ,  11 ,  42 ,  557 ,  13 ,  5 ,  40 ,  8 ,  40 ,"  1,010 ",  25 ,  12 ,  224 ,  19 ,  13 ,  263 ,  20 ,  25 ,  429 ,  17 ,  15 ,  67 ,  4 ,  15 ,  335 ,  22 ,  31 ,  768 ,  25 ,  5 ,  61 ,  12 ,  312 ,"  5,255 ",  17 ,  -   ,  -   ,,  -   ,  -   ,,  2 ,  30 ,  15 ,  25 ,  253 ,  10 ,  6 ,  73 ,  12 ,  154 ,"  3,087 ",  20 ,  24 ,  324 ,  13 ,  16 ,  307 ,  19 ,  3 ,  30 ,  10 ,  25 ,  196 ,  8 ,  1 ,  5 ,  7 ,  256 ,"  4,305 ",  17 ,  6 ,  109 ,  18 ,  -   ,  -   ,,  3 ,  24 ,  8 ,  -   ,  -   ,,  2 ,  15 ,  10 ,  17 ,  155 ,  9 ,  -   ,  -   ,,  1 ,  5 ,  7 ,  -   ,  -   ,,  11 ,  80 ,  8 ,  14 ,  188 ,  13 ,  -   ,  -   ,,  53 ,  576 ,  11 ,  0 ,  0 ,  2 ,  -   ,  -   ,,  -   ,  -   ,,  -   ,  -   ,,  1 ,  34 ,  34 ,  20 ,  263 ,  13 ,  2 ,  15 ,  10 ,  3 ,  24 ,  8 ,  -   ,  -   ,,  -   ,  -   ,,  26 ,  337 ,  13 ,  1 ,  6 ,  12 ,  2 ,  21 ,  11 ,  3 ,  24 ,  8 ,  1 ,  17 ,  34 ,  1 ,  23 ,  23 ,  7 ,  57 ,  8 ,  2 ,  16 ,  8 ,  3 ,  66 ,  22 ,  2 ,  20 ,  10 ,  21 ,  250 ,  12 ,"  2,075 ","  35,507 ",  17 
40,Watermelon,  -   ,  -   ,,  -   ,  -   ,,  -   ,  -   ,,  -   ,  -   ,,  -   ,  -   ,,  -   ,  -   ,,  -   ,  -   ,,  -   ,  -   ,,  -   ,  -   ,,  -   ,  -   ,,  7 ,  71 ,  10 ,  -   ,  -   ,,  101 ,"  2,525 ",  25 ,  10 ,  152 ,  15 ,  118 ,"  2,747 ",  23 ,  2 ,  12 ,  6 ,  42 ,  445 ,  11 ,  955 ,"  16,983 ",  18 ,  -   ,  -   ,,  -   ,  -   ,,  23 ,  279 ,  12 ,  15 ,  323 ,  21 ,  10 ,  212 ,  21 ,"  1,047 ","  18,255 ",  17 ,  -   ,  -   ,,  -   ,  -   ,,  -   ,  -   ,,  -   ,  -   ,,  -   ,  -   ,,  -   ,  -   ,#DIV/0!,  -   ,  -   ,,  -   ,  -   ,,  -   ,  -   ,,  1 ,  8 ,  8 ,  15 ,  333 ,  22 ,  -   ,  -   ,,  -   ,  -   ,,  16 ,  341 ,  21 ,  -   ,  -   ,,  -   ,  -   ,,  1 ,  10 ,  10 ,  -   ,  -   ,,  2 ,  21 ,  11 ,  -   ,  -   ,,  -   ,  -   ,,  -   ,  -   ,,  -   ,  -   ,,  -   ,  -   ,,  2 ,  20 ,  10 ,  5 ,  52 ,  10 ,  -   ,  -   ,,  35 ,  707 ,  20 ,  12 ,  53 ,  4 ,  10 ,  162 ,  16 ,  -   ,  -   ,,  -   ,  -   ,,  101 ,"  2,273 ",  23 ,  2 ,  20 ,  10 ,  -   ,  -   ,,  -   ,  -   ,,  -   ,  -   ,,  22 ,  360 ,  16 ,  182 ,"  3,574 ",  20 ,  0 ,  0 ,  1 ,  -   ,  -   ,,  -   ,  -   ,,  -   ,  -   ,,  -   ,  -   ,,  -   ,  -   ,,  -   ,  -   ,,  -   ,  -   ,,  -   ,  -   ,,  -   ,  -   ,,  0 ,  0 ,  1 ,  -   ,  -   ,,  -   ,  -   ,,  -   ,  -   ,,  -   ,  -   ,,  0 ,  1 ,  5 ,  -   ,  -   ,,  -   ,  -   ,,  241 ,"  3,586 ",  15 ,  136 ,"  2,182 ",  16 ,  377 ,"  5,768 ",  15 ,"  1,745 ","  30,736 ",  18 
41,Other (Cucurbits),  60 ,  727 ,  12 ,  10 ,  51 ,  5 ,  -   ,  -   ,,  -   ,  -   ,,  -   ,  -   ,,  -   ,  -   ,,  -   ,  -   ,,  3 ,  8 ,  3 ,  201 ,"  1,010 ",  5 ,  -   ,  -   ,,  10 ,  101 ,  10 ,  -   ,  -   ,,  50 ,"  1,263 ",  25 ,  40 ,  485 ,  12 ,  375 ,"  3,644 ",  10 ,  21 ,  212 ,  10 ,  20 ,  182 ,  9 ,  -   ,  -   ,,  -   ,  -   ,,  201 ,"  2,020 ",  10 ,  -   ,  -   ,,  -   ,  -   ,,  2 ,  40 ,  20 ,  244 ,"  2,454 ",  10 ,  -   ,  -   ,,  1 ,  11 ,  11 ,  6 ,  18 ,  3 ,  -   ,  -   ,,  -   ,  -   ,,  25 ,  556 ,  22 ,  -   ,  -   ,,  -   ,  -   ,,  15 ,  227 ,  15 ,  2 ,  18 ,  9 ,  -   ,  -   ,,  -   ,  -   ,,  47 ,  427 ,  9 ,  96 ,"  1,257 ",  13 ,  -   ,  -   ,,  -   ,  -   ,,  -   ,  -   ,,  161 ,"  1,324 ",  8 ,  -   ,  -   ,,  -   ,  -   ,,  7 ,  66 ,  9 ,  -   ,  -   ,,  -   ,  -   ,,  8 ,  76 ,  10 ,  1 ,  6 ,  6 ,  176 ,"  1,471 ",  8 ,  -   ,  -   ,,  40 ,  808 ,  20 ,  9 ,  45 ,  5 ,  -   ,  -   ,,  -   ,  -   ,,  -   ,  -   ,,  12 ,  152 ,  13 ,  1 ,  6 ,  6 ,  -   ,  -   ,,  -   ,  -   ,,  -   ,  -   ,,  -   ,  -   ,,  62 ,"  1,011 ",  16 ,  -   ,  -   ,,  9 ,  32 ,  4 ,  2 ,  20 ,  10 ,  -   ,  -   ,,  -   ,  -   ,,  5 ,  61 ,  12 ,  -   ,  -   ,,  8 ,  66 ,  8 ,  -   ,  -   ,,  -   ,  -   ,,  24 ,  178 ,  7 ,  4 ,  35 ,  9 ,  7 ,  71 ,  10 ,  5 ,  46 ,  9 ,  1 ,  23 ,  23 ,  50 ,  303 ,  6 ,  25 ,  278 ,  11 ,  15 ,  76 ,  5 ,  -   ,  -   ,,  30 ,  303 ,  10 ,  138 ,"  1,135 ",  8 ,"  1,116 ","  11,151 ",  10 
42,Drumsticks,  1 ,  5 ,  10 ,  -   ,  -   ,,  -   ,  -   ,,  -   ,  -   ,,  -   ,  -   ,,  -   ,  -   ,,  8 ,  35 ,  4 ,  1 ,  2 ,  2 ,  5 ,  15 ,  3 ,  -   ,  -   ,,  5 ,  20 ,  4 ,  -   ,  -   ,,  -   ,  -   ,,  10 ,  81 ,  8 ,  30 ,  159 ,  5 ,  25 ,  76 ,  3 ,  10 ,  72 ,  7 ,  12 ,"  1,296 ",  107 ,  -   ,  -   ,,  -   ,  -   ,,  -   ,  -   ,,  18 ,  73 ,  4 ,  17 ,  172 ,  10 ,  82 ,"  1,688 ",  20 ,  -   ,  -   ,,  -   ,  -   ,,  -   ,  -   ,,  1 ,  3 ,  3 ,  -   ,  -   ,,  -   ,  -   ,#DIV/0!,  -   ,  -   ,,  -   ,  -   ,,  -   ,  -   ,,  -   ,  -   ,,  -   ,  -   ,,  -   ,  -   ,,  -   ,  -   ,,  1 ,  3 ,  3 ,  -   ,  -   ,,  -   ,  -   ,,  -   ,  -   ,,  -   ,  -   ,,  -   ,  -   ,,  -   ,  -   ,,  -   ,  -   ,,  -   ,  -   ,,  -   ,  -   ,,  -   ,  -   ,,  0 ,  1 ,  6 ,  0 ,  1 ,  6 ,  -   ,  -   ,,  -   ,  -   ,,  2 ,  18 ,  9 ,  -   ,  -   ,,  -   ,  -   ,,  -   ,  -   ,,  -   ,  -   ,,  0 ,  1 ,  6 ,  -   ,  -   ,,  1 ,  1 ,  2 ,  -   ,  -   ,,  -   ,  -   ,,  3 ,  19 ,  7 ,  -   ,  -   ,,  -   ,  -   ,,  -   ,  -   ,,  -   ,  -   ,,  -   ,  -   ,,  -   ,  -   ,,  -   ,  -   ,,  -   ,  -   ,,  -   ,  -   ,,  -   ,  -   ,,  -   ,  -   ,,  -   ,  -   ,,  -   ,  -   ,,  -   ,  -   ,,  -   ,  -   ,,  -   ,  -   ,,  -   ,  -   ,,  -   ,  -   ,,  -   ,  -   ,,  -   ,  -   ,,  -   ,  -   ,,  116 ,"  1,870 ",  16 
43,Lettuce,  -   ,  -   ,,  -   ,  -   ,,  -   ,  -   ,,  17 ,  106 ,  6 ,  -   ,  -   ,,  -   ,  -   ,,  -   ,  -   ,,  -   ,  -   ,,  -   ,  -   ,,  -   ,  -   ,,  1 ,  5 ,  5 ,  -   ,  -   ,,  10 ,  20 ,  2 ,  -   ,  -   ,,  28 ,  130 ,  5 ,  -   ,  -   ,,  3 ,  15 ,  5 ,  -   ,  -   ,,  -   ,  -   ,,  -   ,  -   ,,  -   ,  -   ,,  -   ,  -   ,,  -   ,  -   ,,  3 ,  15 ,  5 ,  1 ,  12 ,  12 ,  1 ,  2 ,  2 ,  -   ,  -   ,,  -   ,  -   ,,  -   ,  -   ,,  15 ,  253 ,  17 ,  -   ,  -   ,,  -   ,  -   ,,  4 ,  61 ,  15 ,  -   ,  -   ,,  -   ,  -   ,,  -   ,  -   ,,  -   ,  -   ,,  21 ,  327 ,  16 ,  -   ,  -   ,,  2 ,  22 ,  11 ,  7 ,  32 ,  5 ,  -   ,  -   ,,  -   ,  -   ,,  13 ,  89 ,  7 ,  1 ,  107 ,  96 ,  -   ,  -   ,,  -   ,  -   ,,  2 ,  10 ,  7 ,  3 ,  18 ,  7 ,  27 ,  278 ,  10 ,  -   ,  -   ,,  -   ,  -   ,,  5 ,  20 ,  4 ,  -   ,  -   ,,  -   ,  -   ,,  -   ,  -   ,,  -   ,  -   ,,  3 ,  18 ,  7 ,  -   ,  -   ,,  -   ,  -   ,,  -   ,  -   ,,  -   ,  -   ,,  8 ,  38 ,  5 ,  -   ,  -   ,,  -   ,  -   ,,  -   ,  -   ,,  -   ,  -   ,,  2 ,  16 ,  8 ,  1 ,  5 ,  5 ,  -   ,  -   ,,  1 ,  2 ,  4 ,  -   ,  -   ,,  -   ,  -   ,,  4 ,  23 ,  7 ,  1 ,  7 ,  7 ,  -   ,  -   ,,  -   ,  -   ,,  -   ,  -   ,,  -   ,  -   ,,  -   ,  -   ,,  -   ,  -   ,,  -   ,  -   ,,  -   ,  -   ,,  1 ,  7 ,  7 ,  91 ,  819 ,  9 
44,Fennel Leaf,  1 ,  12 ,  12 ,  8 ,  57 ,  7 ,  -   ,  -   ,,  -   ,  -   ,,  -   ,  -   ,,  -   ,  -   ,,  -   ,  -   ,,  1 ,  2 ,  2 ,  5 ,  15 ,  3 ,  -   ,  -   ,,  1 ,  4 ,  4 ,  -   ,  -   ,,  -   ,  -   ,,  -   ,  -   ,,  16 ,  89 ,  6 ,  2 ,  3 ,  2 ,  -   ,  -   ,,  -   ,  -   ,,  -   ,  -   ,,  -   ,  -   ,,  -   ,  -   ,,  -   ,  -   ,,  -   ,  -   ,,  2 ,  3 ,  2 ,  1 ,  12 ,  12 ,  1 ,  3 ,  3 ,  2 ,  12 ,  6 ,  4 ,  65 ,  15 ,  -   ,  -   ,,  5 ,  131 ,  26 ,  -   ,  -   ,,  -   ,  -   ,,  2 ,  25 ,  13 ,  2 ,  14 ,  7 ,  -   ,  -   ,,  -   ,  -   ,,  -   ,  -   ,,  18 ,  263 ,  15 ,  -   ,  -   ,,  -   ,  -   ,,  2 ,  8 ,  4 ,  4 ,  20 ,  5 ,  3 ,  15 ,  5 ,  14 ,  98 ,  7 ,  2 ,  26 ,  13 ,  -   ,  -   ,,  -   ,  -   ,,  -   ,  -   ,,  1 ,  6 ,  6 ,  26 ,  174 ,  7 ,  -   ,  -   ,,  -   ,  -   ,,  -   ,  -   ,,  -   ,  -   ,,  -   ,  -   ,,  -   ,  -   ,,  -   ,  -   ,,  1 ,  6 ,  6 ,  -   ,  -   ,,  -   ,  -   ,,  -   ,  -   ,,  -   ,  -   ,,  1 ,  6 ,  6 ,  -   ,  -   ,,  -   ,  -   ,,  -   ,  -   ,,  -   ,  -   ,,  1 ,  4 ,  4 ,  3 ,  12 ,  4 ,  -   ,  -   ,,  1 ,  3 ,  6 ,  -   ,  -   ,,  -   ,  -   ,,  5 ,  19 ,  4 ,  -   ,  -   ,,  -   ,  -   ,,  -   ,  -   ,,  -   ,  -   ,,  5 ,  20 ,  4 ,  -   ,  -   ,,  -   ,  -   ,,  -   ,  -   ,,  -   ,  -   ,,  5 ,  20 ,  4 ,  72 ,  574 ,  8 
45,Coriander Leaf,  3 ,  36 ,  12 ,  11 ,  78 ,  7 ,  4 ,  20 ,  5 ,  15 ,  198 ,  13 ,  8 ,  16 ,  2 ,  3 ,  36 ,  12 ,  13 ,  187 ,  14 ,  1 ,  3 ,  3 ,  60 ,  158 ,  3 ,  3 ,  12 ,  4 ,  3 ,  10 ,  3 ,  -   ,  -   ,,  106 ,  21 ,  0 ,  55 ,  389 ,  7 ,  285 ,"  1,165 ",  4 ,  201 ,"  1,010 ",  5 ,  5 ,  56 ,  11 ,  33 ,  156 ,  5 ,  -   ,  -   ,,  -   ,  -   ,,  -   ,  -   ,,  62 ,  501 ,  8 ,  33 ,  667 ,  20 ,  335 ,"  2,389 ",  7 ,  -   ,  -   ,,  25 ,  101 ,  4 ,  2 ,  14 ,  7 ,  5 ,  74 ,  13 ,  11 ,  33 ,  3 ,  70 ,"  1,343 ",  19 ,  55 ,  372 ,  7 ,  4 ,  61 ,  15 ,  20 ,  232 ,  12 ,  24 ,  104 ,  4 ,  35 ,  221 ,  6 ,  11 ,  183 ,  17 ,  45 ,  455 ,  10 ,  309 ,"  3,193 ",  10 ,  -   ,  -   ,,  -   ,  -   ,,  11 ,  45 ,  4 ,  15 ,  61 ,  4 ,  5 ,  25 ,  5 ,  37 ,  309 ,  8 ,  10 ,  84 ,  9 ,  -   ,  -   ,,  3 ,  35 ,  11 ,  3 ,  16 ,  5 ,  15 ,  121 ,  8 ,  99 ,  697 ,  7 ,  -   ,  -   ,,  5 ,  15 ,  3 ,  11 ,  67 ,  6 ,  30 ,  202 ,  7 ,  -   ,  -   ,,  1 ,  3 ,  6 ,  10 ,  38 ,  4 ,  15 ,  121 ,  8 ,  10 ,  116 ,  12 ,  8 ,  34 ,  5 ,  7 ,  68 ,  10 ,  27 ,  375 ,  14 ,  123 ,"  1,039 ",  8 ,  -   ,  -   ,,  24 ,  137 ,  6 ,  3 ,  4 ,  1 ,  -   ,  -   ,,  2 ,  12 ,  6 ,  30 ,  202 ,  7 ,  -   ,  -   ,,  5 ,  20 ,  4 ,  25 ,  242 ,  10 ,  40 ,  57 ,  1 ,  130 ,  674 ,  5 ,  -   ,  -   ,,  12 ,  91 ,  8 ,  28 ,  311 ,  11 ,  17 ,  16 ,  1 ,  27 ,  136 ,  5 ,  15 ,  61 ,  4 ,  12 ,  61 ,  5 ,  337 ,"  5,171 ",  15 ,  30 ,  182 ,  6 ,  478 ,"  6,028 ",  13 ,"  1,760 ","  15,184 ",  9 
46,Spinach,  3 ,  36 ,  12 ,  9 ,  64 ,  7 ,  4 ,  24 ,  6 ,  -   ,  -   ,,  -   ,  -   ,,  1 ,  12 ,  12 ,  -   ,  -   ,,  2 ,  3 ,  2 ,  176 ,  707 ,  4 ,  3 ,  15 ,  5 ,  3 ,  10 ,  3 ,  -   ,  -   ,,  126 ,  63 ,  0 ,  65 ,  525 ,  8 ,  392 ,"  1,459 ",  4 ,  151 ,"  2,273 ",  15 ,  5 ,  61 ,  12 ,  50 ,  250 ,  5 ,  -   ,  -   ,,  -   ,  -   ,,  90 ,"  9,272 ",  103 ,  25 ,  253 ,  10 ,  54 ,  818 ,  15 ,  376 ,"  12,925 ",  34 ,  -   ,  -   ,,  5 ,  25 ,  5 ,  2 ,  20 ,  10 ,  8 ,  79 ,  10 ,  10 ,  40 ,  4 ,  35 ,  495 ,  14 ,  71 ,  950 ,  13 ,  6 ,  73 ,  12 ,  55 ,  400 ,  7 ,  16 ,  102 ,  6 ,  45 ,  243 ,  5 ,  5 ,  43 ,  9 ,  10 ,  101 ,  10 ,  269 ,"  2,573 ",  10 ,  -   ,  -   ,,  -   ,  -   ,,  30 ,  131 ,  4 ,  10 ,  86 ,  9 ,  4 ,  18 ,  5 ,  21 ,  166 ,  8 ,  6 ,  43 ,  7 ,  -   ,  -   ,,  4 ,  44 ,  11 ,  -   ,  -   ,,  38 ,  303 ,  8 ,  112 ,  791 ,  7 ,  -   ,  -   ,,  5 ,  15 ,  3 ,  43 ,  347 ,  8 ,  201 ,"  3,030 ",  15 ,  3 ,  36 ,  12 ,  1 ,  3 ,  6 ,  15 ,  174 ,  12 ,  38 ,  303 ,  8 ,  15 ,  160 ,  11 ,  13 ,  56 ,  4 ,  5 ,  19 ,  4 ,  46 ,"  1,069 ",  23 ,  385 ,"  5,212 ",  14 ,  -   ,  -   ,,  13 ,  192 ,  15 ,  1 ,  1 ,  1 ,  -   ,  -   ,,  25 ,  237 ,  9 ,  15 ,  136 ,  9 ,  3 ,  36 ,  12 ,  1 ,  6 ,  6 ,  22 ,  227 ,  10 ,  5 ,  16 ,  3 ,  85 ,  852 ,  10 ,  30 ,  258 ,  9 ,  6 ,  49 ,  8 ,  35 ,  247 ,  7 ,  2 ,  19 ,  13 ,  39 ,  591 ,  15 ,  20 ,  141 ,  7 ,  15 ,  76 ,  5 ,  291 ,"  4,949 ",  17 ,  10 ,  101 ,  10 ,  449 ,"  6,431 ",  14 ,"  2,068 ","  30,245 ",  15 
47,Cress,  2 ,  20 ,  10 ,  9 ,  91 ,  10 ,  3 ,  15 ,  5 ,  -   ,  -   ,,  3 ,  22 ,  7 ,  2 ,  24 ,  12 ,  -   ,  -   ,,  9 ,  25 ,  3 ,  40 ,  202 ,  5 ,  3 ,  13 ,  4 ,  4 ,  11 ,  3 ,  -   ,  -   ,,  50 ,  10 ,  0 ,  50 ,  455 ,  9 ,  176 ,  889 ,  5 ,  72 ,  873 ,  12 ,  4 ,  40 ,  10 ,  17 ,  51 ,  3 ,  -   ,  -   ,,  10 ,  51 ,  5 ,  98 ,"  10,096 ",  103 ,  20 ,  182 ,  9 ,  27 ,  409 ,  15 ,  249 ,"  11,701 ",  47 ,  5 ,  53 ,  10 ,  3 ,  18 ,  6 ,  2 ,  20 ,  10 ,  4 ,  51 ,  12 ,  -   ,  -   ,,  30 ,  424 ,  14 ,  68 ,  890 ,  13 ,  10 ,  152 ,  15 ,  85 ,  944 ,  11 ,  20 ,  125 ,  6 ,  45 ,  239 ,  5 ,  -   ,  -   ,,  10 ,  101 ,  10 ,  284 ,"  3,016 ",  11 ,  -   ,  -   ,,  -   ,  -   ,,  21 ,  42 ,  2 ,  8 ,  48 ,  6 ,  12 ,  36 ,  3 ,  25 ,  177 ,  7 ,  12 ,  76 ,  7 ,  -   ,  -   ,,  5 ,  51 ,  10 ,  1 ,  8 ,  7 ,  16 ,  110 ,  7 ,  100 ,  548 ,  6 ,  2 ,  4 ,  2 ,  10 ,  30 ,  3 ,  10 ,  98 ,  10 ,  20 ,  40 ,  2 ,  1 ,  7 ,  13 ,  1 ,  3 ,  6 ,  10 ,  20 ,  2 ,  16 ,  110 ,  7 ,  5 ,  58 ,  11 ,  8 ,  27 ,  4 ,  4 ,  12 ,  3 ,  38 ,  855 ,  22 ,  124 ,"  1,264 ",  10 ,  3 ,  9 ,  3 ,  8 ,  58 ,  8 ,  1 ,  1 ,  1 ,  -   ,  -   ,,  6 ,  48 ,  8 ,  15 ,  121 ,  8 ,  1 ,  7 ,  13 ,  1 ,  4 ,  8 ,  14 ,  156 ,  11 ,  15 ,  35 ,  2 ,  63 ,  439 ,  7 ,  18 ,  173 ,  10 ,  9 ,  56 ,  6 ,  22 ,  133 ,  6 ,  1 ,  8 ,  8 ,  40 ,  404 ,  10 ,  7 ,  21 ,  3 ,  2 ,  2 ,  1 ,  266 ,"  4,848 ",  18 ,  35 ,  318 ,  9 ,  400 ,"  5,962 ",  15 ,"  1,396 ","  23,819 ",  17 
48,Amaranthus,  2 ,  20 ,  10 ,  8 ,  36 ,  5 ,  2 ,  10 ,  5 ,  -   ,  -   ,,  -   ,  -   ,,  1 ,  13 ,  13 ,  -   ,  -   ,,  3 ,  4 ,  1 ,  151 ,  76 ,  1 ,  -   ,  -   ,,  4 ,  12 ,  3 ,  11 ,  78 ,  7 ,  50 ,  25 ,  1 ,  52 ,  420 ,  8 ,  284 ,  695 ,  2 ,  70 ,  141 ,  2 ,  10 ,  121 ,  12 ,  151 ,"  1,667 ",  11 ,  206 ,"  2,175 ",  11 ,  30 ,  91 ,  3 ,  179 ,"  18,338 ",  103 ,  8 ,  97 ,  12 ,  57 ,  576 ,  10 ,  712 ,"  23,205 ",  33 ,  -   ,  -   ,,  10 ,  101 ,  10 ,  -   ,  -   ,,  1 ,  9 ,  8 ,  -   ,  -   ,,  40 ,  61 ,  2 ,  -   ,  -   ,,  -   ,  -   ,,  2 ,  20 ,  10 ,  2 ,  14 ,  7 ,  45 ,  236 ,  5 ,  -   ,  -   ,,  221 ,"  2,454 ",  11 ,  322 ,"  2,895 ",  9 ,  -   ,  -   ,,  -   ,  -   ,,  3 ,  25 ,  8 ,  7 ,  85 ,  12 ,  6 ,  18 ,  3 ,  113 ,"  1,709 ",  15 ,  2 ,  23 ,  10 ,  -   ,  -   ,,  2 ,  23 ,  12 ,  1 ,  4 ,  8 ,  2 ,  12 ,  6 ,  136 ,"  1,900 ",  14 ,  2 ,  4 ,  2 ,  10 ,  30 ,  3 ,  5 ,  61 ,  12 ,  5 ,  20 ,  4 ,  1 ,  15 ,  15 ,  -   ,  -   ,,  3 ,  22 ,  7 ,  2 ,  12 ,  6 ,  -   ,  -   ,,  4 ,  16 ,  5 ,  -   ,  -   ,,  12 ,  224 ,  19 ,  44 ,  404 ,  9 ,  -   ,  -   ,,  -   ,  -   ,,  -   ,  -   ,,  -   ,  -   ,,  1 ,  7 ,  7 ,  10 ,  81 ,  8 ,  1 ,  15 ,  15 ,  1 ,  5 ,  9 ,  -   ,  -   ,,  -   ,  -   ,,  13 ,  107 ,  9 ,  1 ,  6 ,  6 ,  3 ,  14 ,  5 ,  15 ,  76 ,  5 ,  1 ,  15 ,  22 ,  45 ,  364 ,  8 ,  5 ,  51 ,  10 ,  5 ,  30 ,  6 ,  402 ,"  5,757 ",  14 ,  45 ,  648 ,  14 ,  522 ,"  6,960 ",  13 ,"  2,033 ","  36,166 ",  18 
49,Fenugreek Leaf,  1 ,  10 ,  10 ,  6 ,  17 ,  3 ,  1 ,  5 ,  5 ,  -   ,  -   ,,  -   ,  -   ,,  1 ,  10 ,  10 ,  -   ,  -   ,,  3 ,  9 ,  3 ,  22 ,  11 ,  1 ,  -   ,  -   ,,  2 ,  7 ,  4 ,  -   ,  -   ,,  25 ,  3 ,  0 ,  10 ,  71 ,  7 ,  71 ,  143 ,  2 ,  90 ,  818 ,  9 ,  5 ,  56 ,  11 ,  8 ,  24 ,  3 ,  -   ,  -   ,,  25 ,  101 ,  4 ,  157 ,"  16,071 ",  103 ,  7 ,  57 ,  8 ,  12 ,  158 ,  13 ,  305 ,"  17,284 ",  57 ,  1 ,  5 ,  5 ,  11 ,  56 ,  5 ,  2 ,  8 ,  4 ,  1 ,  13 ,  12 ,  -   ,  -   ,,  25 ,  415 ,  17 ,  -   ,  -   ,,  -   ,  -   ,,  3 ,  19 ,  6 ,  3 ,  22 ,  7 ,  -   ,  -   ,,  -   ,  -   ,,  25 ,  76 ,  3 ,  71 ,  614 ,  9 ,  -   ,  -   ,,  -   ,  -   ,,  6 ,  36 ,  6 ,  5 ,  38 ,  8 ,  5 ,  15 ,  3 ,  113 ,  797 ,  7 ,  5 ,  28 ,  6 ,  -   ,  -   ,,  1 ,  15 ,  15 ,  1 ,  5 ,  3 ,  2 ,  9 ,  6 ,  138 ,  945 ,  7 ,  3 ,  6 ,  2 ,  5 ,  15 ,  3 ,  5 ,  61 ,  12 ,  5 ,  15 ,  3 ,  -   ,  -   ,,  -   ,  -   ,,  6 ,  48 ,  8 ,  2 ,  9 ,  6 ,  -   ,  -   ,,  4 ,  8 ,  2 ,  3 ,  12 ,  4 ,  9 ,  200 ,  21 ,  42 ,  375 ,  9 ,  -   ,  -   ,,  -   ,  -   ,,  -   ,  -   ,,  -   ,  -   ,,  1 ,  7 ,  7 ,  15 ,  106 ,  7 ,  -   ,  -   ,,  1 ,  4 ,  7 ,  -   ,  -   ,,  15 ,  202 ,  13 ,  32 ,  319 ,  10 ,  3 ,  11 ,  4 ,  3 ,  18 ,  6 ,  14 ,  71 ,  5 ,  1 ,  12 ,  10 ,  30 ,  121 ,  4 ,  4 ,  25 ,  6 ,  2 ,  10 ,  5 ,  367 ,"  5,757 ",  16 ,  5 ,  40 ,  8 ,  429 ,"  6,066 ",  14 ,"  1,087 ","  25,745 ",  24 
50,Swisschard ,  -   ,  -   ,,  6 ,  36 ,  6 ,  1 ,  7 ,  7 ,  -   ,  -   ,,  -   ,  -   ,,  -   ,  -   ,,  -   ,  -   ,,  1 ,  2 ,  2 ,  -   ,  -   ,,  -   ,  -   ,,  -   ,  -   ,,  -   ,  -   ,,  -   ,  -   ,,  -   ,  -   ,,  8 ,  45 ,  6 ,  -   ,  -   ,,  -   ,  -   ,,  -   ,  -   ,,  -   ,  -   ,,  -   ,  -   ,,  -   ,  -   ,,  -   ,  -   ,,  -   ,  -   ,,  -   ,  -   ,,  1 ,  15 ,  15 ,  3 ,  18 ,  6 ,  -   ,  -   ,,  1 ,  13 ,  12 ,  -   ,  -   ,,  5 ,  81 ,  16 ,  -   ,  -   ,,  -   ,  -   ,,  -   ,  -   ,,  -   ,  -   ,,  80 ,  460 ,  6 ,  -   ,  -   ,,  -   ,  -   ,,  91 ,  587 ,  6 ,  -   ,  -   ,,  2 ,  22 ,  11 ,  2 ,  10 ,  5 ,  5 ,  41 ,  8 ,  -   ,  -   ,,  119 ,  836 ,  7 ,  6 ,  45 ,  7 ,  -   ,  -   ,,  -   ,  -   ,,  -   ,  -   ,,  1 ,  6 ,  6 ,  135 ,  960 ,  7 ,  2 ,  4 ,  2 ,  2 ,  6 ,  3 ,  11 ,  5 ,  0 ,  -   ,  -   ,,  3 ,  38 ,  13 ,  1 ,  6 ,  6 ,  -   ,  -   ,,  1 ,  6 ,  6 ,  -   ,  -   ,,  2 ,  8 ,  5 ,  -   ,  -   ,,  -   ,  -   ,,  22 ,  73 ,  3 ,  -   ,  -   ,,  12 ,  86 ,  7 ,  -   ,  -   ,,  15 ,  91 ,  6 ,  2 ,  19 ,  10 ,  12 ,  121 ,  10 ,  3 ,  38 ,  13 ,  1 ,  6 ,  11 ,  -   ,  -   ,,  12 ,  187 ,  15 ,  56 ,  548 ,  10 ,  -   ,  -   ,,  -   ,  -   ,,  4 ,  20 ,  5 ,  2 ,  27 ,  18 ,  5 ,  25 ,  5 ,  5 ,  25 ,  5 ,  7 ,  139 ,  20 ,  271 ,"  5,757 ",  21 ,  15 ,  205 ,  14 ,  309 ,"  6,198 ",  20 ,  621 ,"  8,411 ",  14 
51,Others (Leafy Veg.),  5 ,  56 ,  11 ,  19 ,  115 ,  6 ,  8 ,  57 ,  7 ,  -   ,  -   ,,  -   ,  -   ,,  3 ,  30 ,  10 ,  11 ,  96 ,  9 ,  3 ,  6 ,  2 ,  151 ,  76 ,  1 ,  -   ,  -   ,,  3 ,  9 ,  3 ,  -   ,  -   ,,  -   ,  -   ,,  25 ,  253 ,  10 ,  228 ,  697 ,  3 ,  10 ,  51 ,  5 ,  10 ,  101 ,  10 ,  -   ,  -   ,,  -   ,  -   ,,  352 ,"  3,535 ",  10 ,  43 ,  426 ,  10 ,  -   ,  -   ,,  -   ,  -   ,,  415 ,"  4,112 ",  10 ,  -   ,  -   ,,  1 ,  4 ,  4 ,  -   ,  -   ,,  1 ,  12 ,  11 ,  20 ,  121 ,  6 ,  20 ,  323 ,  16 ,  359 ,"  5,653 ",  16 ,  -   ,  -   ,,  10 ,  81 ,  8 ,  2 ,  17 ,  9 ,  80 ,  460 ,  6 ,  -   ,  -   ,,  95 ,  960 ,  10 ,  589 ,"  7,631 ",  13 ,  -   ,  -   ,,  -   ,  -   ,,  1 ,  8 ,  8 ,  10 ,  86 ,  9 ,  -   ,  -   ,,  -   ,  -   ,,  7 ,  42 ,  6 ,  -   ,  -   ,,  3 ,  45 ,  15 ,  4 ,  22 ,  5 ,  2 ,  12 ,  8 ,  27 ,  216 ,  8 ,  5 ,  14 ,  3 ,  -   ,  -   ,,  7 ,  62 ,  9 ,  5 ,  10 ,  2 ,  -   ,  -   ,,  -   ,  -   ,,  75 ,  515 ,  7 ,  2 ,  12 ,  8 ,  -   ,  -   ,,  4 ,  15 ,  4 ,  22 ,  132 ,  6 ,  30 ,  432 ,  15 ,  149 ,"  1,193 ",  8 ,  4 ,  12 ,  3 ,  8 ,  61 ,  8 ,  4 ,  30 ,  8 ,  4 ,  26 ,  7 ,  -   ,  -   ,,  15 ,  106 ,  7 ,  -   ,  -   ,,  1 ,  7 ,  7 ,  -   ,  -   ,,  -   ,  -   ,,  36 ,  242 ,  7 ,  3 ,  27 ,  9 ,  2 ,  15 ,  8 ,  7 ,  42 ,  6 ,  2 ,  40 ,  20 ,  42 ,  485 ,  11 ,  22 ,  162 ,  7 ,  2 ,  20 ,  10 ,  181 ,"  2,727 ",  15 ,  10 ,  61 ,  6 ,  271 ,"  3,579 ",  13 ,"  1,716 ","  17,671 ",  10 
52,Colocasia,  4 ,  40 ,  10 ,  16 ,  323 ,  20 ,  55 ,  638 ,  12 ,  -   ,  -   ,,  -   ,  -   ,,  3 ,  76 ,  25 ,  8 ,  91 ,  11 ,  14 ,  81 ,  6 ,  402 ,"  1,616 ",  4 ,  10 ,  91 ,  9 ,  6 ,  76 ,  13 ,  12 ,  187 ,  15 ,  25 ,  76 ,  3 ,  60 ,  727 ,  12 ,  616 ,"  4,022 ",  7 ,  3 ,  61 ,  20 ,  5 ,  61 ,  12 ,  40 ,  473 ,  12 ,  75 ,  644 ,  9 ,  317 ,"  3,818 ",  12 ,  -   ,  -   ,,  51 ,  979 ,  19 ,  -   ,  -   ,,  491 ,"  6,035 ",  12 ,  25 ,  364 ,  14 ,  105 ,  735 ,  7 ,  54 ,  483 ,  9 ,  12 ,  78 ,  6 ,  25 ,  253 ,  10 ,  50 ,"  1,263 ",  25 ,  -   ,  -   ,,  1 ,  10 ,  10 ,  40 ,  845 ,  21 ,  49 ,  893 ,  18 ,  122 ,"  1,894 ",  16 ,  10 ,  172 ,  17 ,  176 ,"  2,298 ",  13 ,  669 ,"  9,287 ",  14 ,  -   ,  -   ,,  -   ,  -   ,,  51 ,  773 ,  15 ,  216 ,"  2,406 ",  11 ,  211 ,"  1,824 ",  9 ,"  1,115 ","  10,967 ",  10 ,  8 ,  164 ,  20 ,  327 ,"  2,980 ",  9 ,  31 ,  288 ,  9 ,  9 ,  121 ,  13 ,  4 ,  28 ,  8 ,"  1,972 ","  19,551 ",  10 ,  51 ,  747 ,  15 ,  60 ,  909 ,  15 ,  75 ,  833 ,  11 ,  20 ,  40 ,  2 ,  25 ,  284 ,  11 ,  9 ,  64 ,  7 ,  10 ,  121 ,  12 ,  4 ,  28 ,  8 ,  30 ,  379 ,  13 ,  44 ,  571 ,  13 ,  70 ,  728 ,  10 ,  13 ,  266 ,  20 ,  412 ,"  4,970 ",  12 ,  5 ,  49 ,  10 ,  3 ,  12 ,  4 ,  2 ,  16 ,  8 ,  10 ,  30 ,  3 ,  5 ,  61 ,  12 ,  276 ,"  3,295 ",  12 ,  25 ,  284 ,  11 ,  12 ,  123 ,  10 ,  102 ,"  1,178 ",  12 ,  20 ,  303 ,  15 ,  460 ,"  5,351 ",  12 ,  25 ,  341 ,  14 ,  12 ,  145 ,  12 ,  60 ,  545 ,  9 ,  14 ,  455 ,  32 ,  226 ,"  2,727 ",  12 ,  30 ,  374 ,  12 ,  7 ,  49 ,  7 ,  136 ,"  1,651 ",  12 ,  5 ,  61 ,  12 ,  516 ,"  6,348 ",  12 ,"  5,137 ","  55,564 ",  11 
53,Yam,  5 ,  51 ,  10 ,  11 ,  111 ,  10 ,  7 ,  92 ,  13 ,  13 ,  189 ,  15 ,  -   ,  -   ,,  4 ,  136 ,  34 ,  20 ,  152 ,  8 ,  8 ,  86 ,  11 ,  50 ,  909 ,  18 ,  6 ,  30 ,  5 ,  12 ,  121 ,  10 ,  -   ,  -   ,,  25 ,  76 ,  3 ,  10 ,  101 ,  10 ,  172 ,"  2,054 ",  12 ,  1 ,  15 ,  15 ,  10 ,  141 ,  14 ,  35 ,  463 ,  13 ,  -   ,  -   ,,  281 ,"  4,242 ",  15 ,  -   ,  -   ,,  -   ,  -   ,,  -   ,  -   ,,  328 ,"  4,862 ",  15 ,  2 ,  24 ,  12 ,  28 ,  198 ,  7 ,  10 ,  76 ,  8 ,  5 ,  45 ,  8 ,  -   ,  -   ,,  25 ,  631 ,  25 ,  -   ,  -   ,,  1 ,  10 ,  10 ,  2 ,  40 ,  20 ,  25 ,  399 ,  16 ,  34 ,"  1,049 ",  31 ,  -   ,  -   ,,  25 ,  333 ,  13 ,  158 ,"  2,806 ",  18 ,  -   ,  -   ,,  -   ,  -   ,,  16 ,  323 ,  20 ,  75 ,  917 ,  12 ,  40 ,  303 ,  8 ,  411 ,"  5,215 ",  13 ,  14 ,  213 ,  15 ,  12 ,  186 ,  15 ,  30 ,  343 ,  11 ,  6 ,  102 ,  17 ,  5 ,  61 ,  12 ,  609 ,"  7,663 ",  13 ,  3 ,  48 ,  16 ,  5 ,  101 ,  20 ,  -   ,  -   ,,  10 ,  20 ,  2 ,  4 ,  46 ,  13 ,  8 ,  73 ,  9 ,  -   ,  -   ,,  5 ,  61 ,  12 ,  -   ,  -   ,,  8 ,  83 ,  11 ,  12 ,  135 ,  11 ,  9 ,  182 ,  20 ,  63 ,  750 ,  12 ,  -   ,  -   ,,  1 ,  3 ,  3 ,  -   ,  -   ,,  -   ,  -   ,,  -   ,  -   ,,  7 ,  101 ,  14 ,  4 ,  46 ,  13 ,  1 ,  5 ,  10 ,  -   ,  -   ,,  -   ,  -   ,,  12 ,  156 ,  13 ,  10 ,  136 ,  14 ,  2 ,  16 ,  8 ,  -   ,  -   ,  -   ,  2 ,  45 ,  23 ,  1 ,  10 ,  10 ,  5 ,  51 ,  10 ,  4 ,  36 ,  9 ,  20 ,  313 ,  16 ,  2 ,  34 ,  17 ,  46 ,  642 ,  14 ,"  1,388 ","  18,933 ",  14 
54,Elephant Foot Yam,  -   ,  -   ,,  -   ,  -   ,,  -   ,  -   ,,  -   ,  -   ,,  -   ,  -   ,,  -   ,  -   ,,  -   ,  -   ,,  -   ,  -   ,,  -   ,  -   ,,  -   ,  -   ,,  21 ,  318 ,  15 ,  -   ,  -   ,,  30 ,"  2,273 ",  75 ,  231 ,"  4,181 ",  18 ,  282 ,"  6,772 ",  24 ,  30 ,  794 ,  26 ,  20 ,  121 ,  6 ,  50 ,  808 ,  16 ,  226 ,"  3,977 ",  18 ,  55 ,  778 ,  14 ,  56 ,  591 ,  10 ,  11 ,  389 ,  35 ,  7 ,  66 ,  10 ,  456 ,"  7,523 ",  17 ,  -   ,  -   ,,  -   ,  -   ,,  -   ,  -   ,,  -   ,  -   ,,  -   ,  -   ,,  -   ,  -   ,,  -   ,  -   ,,  -   ,  -   ,,  -   ,  -   ,,  1 ,  16 ,  16 ,  -   ,  -   ,,  -   ,  -   ,,  -   ,  -   ,,  1 ,  16 ,  16 ,  -   ,  -   ,,  -   ,  -   ,,  -   ,  -   ,,  -   ,  -   ,,  -   ,  -   ,,  -   ,  -   ,,  3 ,  25 ,  8 ,  -   ,  -   ,,  -   ,  -   ,,  -   ,  -   ,,  5 ,  51 ,  10 ,  8 ,  76 ,  9 ,  2 ,  28 ,  14 ,  -   ,  -   ,,  -   ,  -   ,,  -   ,  -   ,,  -   ,  -   ,,  -   ,  -   ,,  10 ,  121 ,  12 ,  5 ,  51 ,  10 ,  -   ,  -   ,,  -   ,  -   ,,  -   ,  -   ,,  16 ,  323 ,  20 ,  33 ,  523 ,  16 ,  -   ,  -   ,,  -   ,  -   ,,  -   ,  -   ,,  -   ,  -   ,,  -   ,  -   ,,  -   ,  -   ,,  -   ,  -   ,,  -   ,  -   ,,  -   ,  -   ,,  -   ,  -   ,,  -   ,  -   ,,  -   ,  -   ,,  -   ,  -   ,,  -   ,  -   ,,  -   ,  -   ,,  -   ,  -   ,,  1 ,  7 ,  7 ,  -   ,  -   ,,  -   ,  -   ,,  2 ,  16 ,  8 ,  3 ,  23 ,  8 ,  783 ,"  14,934 ",  19 
55,Other (Tubers),  4 ,  48 ,  12 ,  2 ,  16 ,  11 ,  4 ,  32 ,  8 ,  -   ,  -   ,,  -   ,  -   ,,  4 ,  121 ,  30 ,  35 ,  91 ,  3 ,  -   ,  -   ,,  25 ,  126 ,  5 ,  -   ,  -   ,,  -   ,  -   ,,  -   ,  -   ,,  -   ,  -   ,,  50 ,  758 ,  15 ,  124 ,"  1,193 ",  10 ,  55 ,  720 ,  13 ,  5 ,  71 ,  14 ,  -   ,  -   ,,  -   ,  -   ,,  70 ,  848 ,  12 ,  -   ,  -   ,,  -   ,  -   ,,  14 ,  141 ,  10 ,  145 ,"  1,780 ",  12 ,  -   ,  -   ,,  6 ,  48 ,  8 ,  -   ,  -   ,,  5 ,  45 ,  8 ,  -   ,  -   ,,  20 ,  404 ,  20 ,  -   ,  -   ,,  -   ,  -   ,,  -   ,  -   ,,  2 ,  18 ,  9 ,  -   ,  -   ,,  -   ,  -   ,,  -   ,  -   ,,  34 ,  516 ,  15 ,  -   ,  -   ,,  -   ,  -   ,,  -   ,  -   ,,  314 ,"  3,251 ",  10 ,  2 ,  12 ,  6 ,  -   ,  -   ,,  4 ,  415 ,  96 ,  -   ,  -   ,,  -   ,  -   ,,  2 ,  55 ,  27 ,  1 ,  4 ,  8 ,  322 ,"  3,736 ",  12 ,  5 ,"  2,043 ",  424 ,  -   ,  -   ,,  5 ,  35 ,  7 ,  -   ,  -   ,,  -   ,  -   ,,  1 ,  4 ,  8 ,  5 ,  45 ,  9 ,  1 ,  4 ,  8 ,  -   ,  -   ,,  -   ,  -   ,,  -   ,  -   ,,  -   ,  -   ,,  16 ,"  2,132 ",  134 ,  -   ,  -   ,,  -   ,  -   ,,  -   ,  -   ,,  -   ,  -   ,,  -   ,  -   ,,  5 ,  61 ,  12 ,  -   ,  -   ,,  -   ,  -   ,,  -   ,  -   ,,  -   ,  -   ,,  5 ,  61 ,  12 ,  4 ,  40 ,  10 ,  -   ,  -   ,,  5 ,  45 ,  9 ,  2 ,  45 ,  27 ,  1 ,  10 ,  10 ,  3 ,  21 ,  7 ,  5 ,  40 ,  8 ,  -   ,  -   ,,  5 ,  40 ,  8 ,  25 ,  243 ,  10 ,  671 ,"  9,661 ",  14 
56,Others(veg.),  5 ,  59 ,  12 ,  24 ,  145 ,  6 ,  6 ,  42 ,  7 ,  -   ,  -   ,,  5 ,  67 ,  13 ,  7 ,  120 ,  17 ,  -   ,  -   ,,  5 ,  9 ,  2 ,  101 ,"  1,010 ",  10 ,  -   ,  -   ,,  5 ,  61 ,  12 ,  544 ,"  7,650 ",  14 ,  121 ,"  3,952 ",  33 ,  5 ,  40 ,  8 ,  827 ,"  13,155 ",  16 ,  -   ,  -   ,,  20 ,  303 ,  15 ,  -   ,  -   ,,  -   ,  -   ,,  75 ,  758 ,  10 ,"  2,435 ","  23,983 ",  10 ,  -   ,  -   ,,"  3,794 ","  68,705 ",  18 ,"  6,324 ","  93,749 ",  15 ,  15 ,  152 ,  10 ,  4 ,  36 ,  9 ,  -   ,  69 ,,  4 ,  48 ,  11 ,  -   ,  -   ,,  211 ,"  3,914 ",  19 ,  78 ,"  1,108 ",  14 ,  -   ,  -   ,,  10 ,  101 ,  10 ,  62 ,  683 ,  11 ,  86 ,  839 ,  10 ,  457 ,"  6,517 ",  14 ,  -   ,  -   ,,  928 ,"  13,466 ",  15 ,  -   ,  -   ,,  -   ,  -   ,,  -   ,  -   ,,  10 ,  81 ,  8 ,  -   ,  -   ,,  171 ,"  1,717 ",  10 ,  16 ,  163 ,  10 ,  10 ,  76 ,  8 ,  -   ,  -   ,,  13 ,  237 ,  18 ,  5 ,  35 ,  7 ,  225 ,"  2,309 ",  10 ,  -   ,  -   ,,  -   ,  -   ,,  426 ,"  5,687 ",  13 ,  -   ,  -   ,,  125 ,"  1,790 ",  14 ,  1 ,  4 ,  4 ,  12 ,  152 ,  13 ,  5 ,  35 ,  7 ,  5 ,  71 ,  14 ,  -   ,  -   ,,  7 ,  83 ,  12 ,  -   ,  -   ,,  581 ,"  7,821 ",  13 ,  -   ,  -   ,,  -   ,  -   ,,  7 ,  49 ,  7 ,  -   ,  -   ,,  9 ,  232 ,  26 ,  -   ,  -   ,,  125 ,"  1,790 ",  14 ,  5 ,  61 ,  12 ,  -   ,  -   ,,  -   ,  -   ,,  146 ,"  2,132 ",  15 ,  69 ,  694 ,  10 ,  59 ,"  1,013 ",  17 ,  10 ,  61 ,  6 ,  2 ,  35 ,  18 ,  10 ,  106 ,  11 ,  16 ,  121 ,  8 ,  3 ,  15 ,  5 ,  -   ,  -   ,,  30 ,  242 ,  8 ,  199 ,"  2,288 ",  11 ,"  9,231 ","  134,920 ",  15 
,Total,  885 ,"  10,732 ",  12 ,"  1,844 ","  18,418 ",  10 ,  589 ,"  7,733 ",  13 ,"  1,963 ","  22,352 ",  11 ,"  3,253 ","  45,788 ",  14 ,"  1,664 ","  27,410 ",  16 ,"  5,856 ","  129,740 ",  22 ,"  1,255 ","  7,024 ",  6 ,"  14,169 ","  152,680 ",  11 ,"  1,331 ","  16,227 ",  12 ,"  1,410 ","  17,330 ",  12 ,"  8,469 ","  146,770 ",  17 ,"  9,754 ","  144,699 ",  15 ,"  7,777 ","  93,407 ",  12 ,"  60,220 ","  840,310 ",  14 ,"  16,874 ","  207,650 ",  12 ,"  5,571 ","  74,165 ",  13 ,"  8,168 ","  97,515 ",  12 ,"  6,942 ","  79,138 ",  11 ,"  12,392 ","  158,135 ",  13 ,"  10,772 ","  135,817 ",  13 ,"  10,800 ","  204,472 ",  19 ,"  7,499 ","  124,660 ",  17 ,"  79,016 ","  1,081,553 ",  14 ,"  1,915 ","  25,518 ",  13 ,"  3,811 ","  43,077 ",  11 ,  695 ,"  5,852 ",  8 ,"  1,089 ","  12,267 ",  11 ,"  1,593 ","  10,422 ",  7 ,"  9,940 ","  162,960 ",  16 ,"  3,258 ","  58,555 ",  18 ,"  3,126 ","  49,510 ",  16 ,"  2,141 ","  55,243 ",  26 ,"  3,136 ","  40,255 ",  13 ,"  7,061 ","  87,236 ",  12 ,"  3,335 ","  59,568 ",  18 ,"  7,049 ","  91,145 ",  13 ,"  48,149 ","  701,608 ",  15 ,  166 ,"  2,043 ",  12 ,  195 ,"  2,666 ",  14 ,"  1,878 ","  20,275 ",  11 ,"  3,485 ","  36,052 ",  10 ,"  3,268 ","  34,101 ",  10 ,"  5,489 ","  76,374 ",  14 ,  866 ,"  11,831 ",  14 ,"  2,640 ","  34,585 ",  13 ,"  1,031 ","  12,049 ",  12 ,"  2,645 ","  35,486 ",  13 ,"  2,596 ","  30,526 ",  12 ,"  24,260 ","  295,988 ",  12 ,"  2,077 ","  22,081 ",  11 ,"  5,264 ","  80,059 ",  15 ,"  7,614 ","  95,590 ",  13 ,"  4,819 ","  81,199 ",  17 ,"  1,110 ","  14,397 ",  13 ,  886 ,"  8,730 ",  10 ,"  3,470 ","  55,984 ",  16 ,"  2,596 ","  30,526 ",  12 ,"  2,073 ","  33,165 ",  16 ,"  1,140 ","  11,607 ",  10 ,"  1,643 ","  17,677 ",  11 ,"  4,813 ","  105,977 ",  22 ,"  37,506 ","  556,991 ",  15 ,  493 ,"  4,198 ",  9 ,  576 ,"  7,594 ",  13 ,  376 ,"  2,662 ",  7 ,  552 ,"  3,015 ",  5 ,  311 ,"  4,990 ",  16 ,"  3,022 ","  30,191 ",  10 ,"  1,110 ","  14,397 ",  13 ,  883 ,"  7,662 ",  9 ,"  2,648 ","  29,341 ",  11 ,"  2,334 ","  32,596 ",  14 ,"  12,304 ","  136,645 ",  11 ,  957 ,"  9,969 ",  10 ,  839 ,"  10,605 ",  13 ,"  1,230 ","  13,582 ",  11 ,  644 ,"  9,501 ",  15 ,"  2,006 ","  22,993 ",  11 ,"  1,259 ","  16,786 ",  13 ,"  1,305 ","  16,965 ",  13 ,"  12,477 ","  188,366 ",  15 ,"  4,691 ","  56,367 ",  12 ,"  25,409 ","  345,135 ",  14 ,"  286,864 ","  3,958,230 ",  14 